swift	rust	lines
vendor/elk-swift/Sources/ElkSwift/Bridge/ELK.swift	src/bridge/elk.rs	116
vendor/elk-swift/Sources/ElkSwift/Bridge/ElkGraphImpl.swift	src/bridge/elk_graph_impl.rs	238
vendor/elk-swift/Sources/ElkSwift/Bridge/ElkGraphUtil.swift	src/bridge/elk_graph_util.rs	493
vendor/elk-swift/Sources/ElkSwift/Bridge/JavaCompat.swift	src/bridge/java_compat.rs	196
vendor/elk-swift/Sources/ElkSwift/Bridge/JavaNumbers.swift	src/bridge/java_numbers.rs	23
vendor/elk-swift/Sources/ElkSwift/Bridge/JsonExporter.swift	src/bridge/json_exporter.rs	183
vendor/elk-swift/Sources/ElkSwift/Bridge/JsonImporter.swift	src/bridge/json_importer.rs	349
vendor/elk-swift/Sources/ElkSwift/Bridge/TypeAliases.swift	src/bridge/type_aliases.rs	353
vendor/elk-swift/Sources/ElkSwift/ELK/ArrayDeque.swift	src/array_deque.rs	66
vendor/elk-swift/Sources/ElkSwift/ELK/org/eclipse/elk/alg/common/compaction/oned/org_eclipse_elk_alg_common_compaction_oned_CGraph.swift	src/org/eclipse/elk/alg/common/compaction/oned/c_graph.rs	53
vendor/elk-swift/Sources/ElkSwift/ELK/org/eclipse/elk/alg/common/compaction/oned/org_eclipse_elk_alg_common_compaction_oned_CGroup.swift	src/org/eclipse/elk/alg/common/compaction/oned/c_group.rs	7
vendor/elk-swift/Sources/ElkSwift/ELK/org/eclipse/elk/alg/common/compaction/oned/org_eclipse_elk_alg_common_compaction_oned_CNode.swift	src/org/eclipse/elk/alg/common/compaction/oned/c_node.rs	11
vendor/elk-swift/Sources/ElkSwift/ELK/org/eclipse/elk/alg/common/compaction/oned/org_eclipse_elk_alg_common_compaction_oned_CompareFuzzy.swift	src/org/eclipse/elk/alg/common/compaction/oned/compare_fuzzy.rs	6
vendor/elk-swift/Sources/ElkSwift/ELK/org/eclipse/elk/alg/common/compaction/oned/org_eclipse_elk_alg_common_compaction_oned_ICompactionAlgorithm.swift	src/org/eclipse/elk/alg/common/compaction/oned/i_compaction_algorithm.rs	6
vendor/elk-swift/Sources/ElkSwift/ELK/org/eclipse/elk/alg/common/compaction/oned/org_eclipse_elk_alg_common_compaction_oned_IConstraintCalculationAlgorithm.swift	src/org/eclipse/elk/alg/common/compaction/oned/i_constraint_calculation_algorithm.rs	20
vendor/elk-swift/Sources/ElkSwift/ELK/org/eclipse/elk/alg/common/compaction/oned/org_eclipse_elk_alg_common_compaction_oned_ILockFunction.swift	src/org/eclipse/elk/alg/common/compaction/oned/i_lock_function.rs	16
vendor/elk-swift/Sources/ElkSwift/ELK/org/eclipse/elk/alg/common/compaction/oned/org_eclipse_elk_alg_common_compaction_oned_ISpacingsHandler.swift	src/org/eclipse/elk/alg/common/compaction/oned/i_spacings_handler.rs	48
vendor/elk-swift/Sources/ElkSwift/ELK/org/eclipse/elk/alg/common/compaction/oned/org_eclipse_elk_alg_common_compaction_oned_LongestPathCompaction.swift	src/org/eclipse/elk/alg/common/compaction/oned/longest_path_compaction.rs	6
vendor/elk-swift/Sources/ElkSwift/ELK/org/eclipse/elk/alg/common/compaction/oned/org_eclipse_elk_alg_common_compaction_oned_OneDimensionalCompactor.swift	src/org/eclipse/elk/alg/common/compaction/oned/one_dimensional_compactor.rs	6
vendor/elk-swift/Sources/ElkSwift/ELK/org/eclipse/elk/alg/common/compaction/oned/org_eclipse_elk_alg_common_compaction_oned_QuadraticConstraintCalculation.swift	src/org/eclipse/elk/alg/common/compaction/oned/quadratic_constraint_calculation.rs	6
vendor/elk-swift/Sources/ElkSwift/ELK/org/eclipse/elk/alg/common/compaction/oned/org_eclipse_elk_alg_common_compaction_oned_Quadruplet.swift	src/org/eclipse/elk/alg/common/compaction/oned/quadruplet.rs	6
vendor/elk-swift/Sources/ElkSwift/ELK/org/eclipse/elk/alg/common/compaction/oned/org_eclipse_elk_alg_common_compaction_oned_ScanlineConstraintCalculator.swift	src/org/eclipse/elk/alg/common/compaction/oned/scanline_constraint_calculator.rs	7
vendor/elk-swift/Sources/ElkSwift/ELK/org/eclipse/elk/alg/common/compaction/options/org_eclipse_elk_alg_common_compaction_options_HighLevelSortingCriterion.swift	src/org/eclipse/elk/alg/common/compaction/options/high_level_sorting_criterion.rs	16
vendor/elk-swift/Sources/ElkSwift/ELK/org/eclipse/elk/alg/common/compaction/options/org_eclipse_elk_alg_common_compaction_options_LowLevelSortingCriterion.swift	src/org/eclipse/elk/alg/common/compaction/options/low_level_sorting_criterion.rs	17
vendor/elk-swift/Sources/ElkSwift/ELK/org/eclipse/elk/alg/common/compaction/options/org_eclipse_elk_alg_common_compaction_options_TraversalStrategy.swift	src/org/eclipse/elk/alg/common/compaction/options/traversal_strategy.rs	30
vendor/elk-swift/Sources/ElkSwift/ELK/org/eclipse/elk/alg/common/compaction/org_eclipse_elk_alg_common_compaction_Scanline.swift	src/org/eclipse/elk/alg/common/compaction/scanline.rs	68
vendor/elk-swift/Sources/ElkSwift/ELK/org/eclipse/elk/alg/common/networksimplex/org_eclipse_elk_alg_common_networksimplex_NEdge.swift	src/org/eclipse/elk/alg/common/networksimplex/n_edge.rs	233
vendor/elk-swift/Sources/ElkSwift/ELK/org/eclipse/elk/alg/common/networksimplex/org_eclipse_elk_alg_common_networksimplex_NGraph.swift	src/org/eclipse/elk/alg/common/networksimplex/n_graph.rs	140
vendor/elk-swift/Sources/ElkSwift/ELK/org/eclipse/elk/alg/common/networksimplex/org_eclipse_elk_alg_common_networksimplex_NNode.swift	src/org/eclipse/elk/alg/common/networksimplex/n_node.rs	356
vendor/elk-swift/Sources/ElkSwift/ELK/org/eclipse/elk/alg/common/networksimplex/org_eclipse_elk_alg_common_networksimplex_NetworkSimplex.swift	src/org/eclipse/elk/alg/common/networksimplex/network_simplex.rs	871
vendor/elk-swift/Sources/ElkSwift/ELK/org/eclipse/elk/alg/common/nodespacing/cellsystem/org_eclipse_elk_alg_common_nodespacing_cellsystem_AtomicCell.swift	src/org/eclipse/elk/alg/common/nodespacing/cellsystem/atomic_cell.rs	52
vendor/elk-swift/Sources/ElkSwift/ELK/org/eclipse/elk/alg/common/nodespacing/cellsystem/org_eclipse_elk_alg_common_nodespacing_cellsystem_Cell.swift	src/org/eclipse/elk/alg/common/nodespacing/cellsystem/cell.rs	86
vendor/elk-swift/Sources/ElkSwift/ELK/org/eclipse/elk/alg/common/nodespacing/cellsystem/org_eclipse_elk_alg_common_nodespacing_cellsystem_ContainerArea.swift	src/org/eclipse/elk/alg/common/nodespacing/cellsystem/container_area.rs	38
vendor/elk-swift/Sources/ElkSwift/ELK/org/eclipse/elk/alg/common/nodespacing/cellsystem/org_eclipse_elk_alg_common_nodespacing_cellsystem_ContainerCell.swift	src/org/eclipse/elk/alg/common/nodespacing/cellsystem/container_cell.rs	123
vendor/elk-swift/Sources/ElkSwift/ELK/org/eclipse/elk/alg/common/nodespacing/cellsystem/org_eclipse_elk_alg_common_nodespacing_cellsystem_GridContainerCell.swift	src/org/eclipse/elk/alg/common/nodespacing/cellsystem/grid_container_cell.rs	298
vendor/elk-swift/Sources/ElkSwift/ELK/org/eclipse/elk/alg/common/nodespacing/cellsystem/org_eclipse_elk_alg_common_nodespacing_cellsystem_HorizontalLabelAlignment.swift	src/org/eclipse/elk/alg/common/nodespacing/cellsystem/horizontal_label_alignment.rs	18
vendor/elk-swift/Sources/ElkSwift/ELK/org/eclipse/elk/alg/common/nodespacing/cellsystem/org_eclipse_elk_alg_common_nodespacing_cellsystem_LabelCell.swift	src/org/eclipse/elk/alg/common/nodespacing/cellsystem/label_cell.rs	192
vendor/elk-swift/Sources/ElkSwift/ELK/org/eclipse/elk/alg/common/nodespacing/cellsystem/org_eclipse_elk_alg_common_nodespacing_cellsystem_StripContainerCell.swift	src/org/eclipse/elk/alg/common/nodespacing/cellsystem/strip_container_cell.rs	265
vendor/elk-swift/Sources/ElkSwift/ELK/org/eclipse/elk/alg/common/nodespacing/cellsystem/org_eclipse_elk_alg_common_nodespacing_cellsystem_VerticalLabelAlignment.swift	src/org/eclipse/elk/alg/common/nodespacing/cellsystem/vertical_label_alignment.rs	22
vendor/elk-swift/Sources/ElkSwift/ELK/org/eclipse/elk/alg/common/nodespacing/internal/algorithm/org_eclipse_elk_alg_common_nodespacing_internal_algorithm_CellSystemConfigurator.swift	src/org/eclipse/elk/alg/common/nodespacing/internal/algorithm/cell_system_configurator.rs	106
vendor/elk-swift/Sources/ElkSwift/ELK/org/eclipse/elk/alg/common/nodespacing/internal/algorithm/org_eclipse_elk_alg_common_nodespacing_internal_algorithm_HorizontalPortPlacementSizeCalculator.swift	src/org/eclipse/elk/alg/common/nodespacing/internal/algorithm/horizontal_port_placement_size_calculator.rs	265
vendor/elk-swift/Sources/ElkSwift/ELK/org/eclipse/elk/alg/common/nodespacing/internal/algorithm/org_eclipse_elk_alg_common_nodespacing_internal_algorithm_InsidePortLabelCellCreator.swift	src/org/eclipse/elk/alg/common/nodespacing/internal/algorithm/inside_port_label_cell_creator.rs	98
vendor/elk-swift/Sources/ElkSwift/ELK/org/eclipse/elk/alg/common/nodespacing/internal/algorithm/org_eclipse_elk_alg_common_nodespacing_internal_algorithm_LabelPlacer.swift	src/org/eclipse/elk/alg/common/nodespacing/internal/algorithm/label_placer.rs	99
vendor/elk-swift/Sources/ElkSwift/ELK/org/eclipse/elk/alg/common/nodespacing/internal/algorithm/org_eclipse_elk_alg_common_nodespacing_internal_algorithm_NodeLabelAndSizeUtilities.swift	src/org/eclipse/elk/alg/common/nodespacing/internal/algorithm/node_label_and_size_utilities.rs	180
vendor/elk-swift/Sources/ElkSwift/ELK/org/eclipse/elk/alg/common/nodespacing/internal/algorithm/org_eclipse_elk_alg_common_nodespacing_internal_algorithm_NodeLabelCellCreator.swift	src/org/eclipse/elk/alg/common/nodespacing/internal/algorithm/node_label_cell_creator.rs	139
vendor/elk-swift/Sources/ElkSwift/ELK/org/eclipse/elk/alg/common/nodespacing/internal/algorithm/org_eclipse_elk_alg_common_nodespacing_internal_algorithm_NodeSizeCalculator.swift	src/org/eclipse/elk/alg/common/nodespacing/internal/algorithm/node_size_calculator.rs	114
vendor/elk-swift/Sources/ElkSwift/ELK/org/eclipse/elk/alg/common/nodespacing/internal/algorithm/org_eclipse_elk_alg_common_nodespacing_internal_algorithm_PortContextCreator.swift	src/org/eclipse/elk/alg/common/nodespacing/internal/algorithm/port_context_creator.rs	46
vendor/elk-swift/Sources/ElkSwift/ELK/org/eclipse/elk/alg/common/nodespacing/internal/algorithm/org_eclipse_elk_alg_common_nodespacing_internal_algorithm_PortLabelPlacementCalculator.swift	src/org/eclipse/elk/alg/common/nodespacing/internal/algorithm/port_label_placement_calculator.rs	400
vendor/elk-swift/Sources/ElkSwift/ELK/org/eclipse/elk/alg/common/nodespacing/internal/algorithm/org_eclipse_elk_alg_common_nodespacing_internal_algorithm_PortPlacementCalculator.swift	src/org/eclipse/elk/alg/common/nodespacing/internal/algorithm/port_placement_calculator.rs	287
vendor/elk-swift/Sources/ElkSwift/ELK/org/eclipse/elk/alg/common/nodespacing/internal/algorithm/org_eclipse_elk_alg_common_nodespacing_internal_algorithm_VerticalPortPlacementSizeCalculator.swift	src/org/eclipse/elk/alg/common/nodespacing/internal/algorithm/vertical_port_placement_size_calculator.rs	263
vendor/elk-swift/Sources/ElkSwift/ELK/org/eclipse/elk/alg/common/nodespacing/internal/org_eclipse_elk_alg_common_nodespacing_internal_NodeContext.swift	src/org/eclipse/elk/alg/common/nodespacing/internal/node_context.rs	176
vendor/elk-swift/Sources/ElkSwift/ELK/org/eclipse/elk/alg/common/nodespacing/internal/org_eclipse_elk_alg_common_nodespacing_internal_NodeLabelLocation.swift	src/org/eclipse/elk/alg/common/nodespacing/internal/node_label_location.rs	187
vendor/elk-swift/Sources/ElkSwift/ELK/org/eclipse/elk/alg/common/nodespacing/internal/org_eclipse_elk_alg_common_nodespacing_internal_PortContext.swift	src/org/eclipse/elk/alg/common/nodespacing/internal/port_context.rs	85
vendor/elk-swift/Sources/ElkSwift/ELK/org/eclipse/elk/alg/common/nodespacing/internal/org_eclipse_elk_alg_common_nodespacing_internal_PortContextMultimap.swift	src/org/eclipse/elk/alg/common/nodespacing/internal/port_context_multimap.rs	50
vendor/elk-swift/Sources/ElkSwift/ELK/org/eclipse/elk/alg/common/nodespacing/org_eclipse_elk_alg_common_nodespacing_NodeDimensionCalculation.swift	src/org/eclipse/elk/alg/common/nodespacing/node_dimension_calculation.rs	56
vendor/elk-swift/Sources/ElkSwift/ELK/org/eclipse/elk/alg/common/nodespacing/org_eclipse_elk_alg_common_nodespacing_NodeLabelAndSizeCalculator.swift	src/org/eclipse/elk/alg/common/nodespacing/node_label_and_size_calculator.rs	141
vendor/elk-swift/Sources/ElkSwift/ELK/org/eclipse/elk/alg/common/nodespacing/org_eclipse_elk_alg_common_nodespacing_NodeMarginCalculator.swift	src/org/eclipse/elk/alg/common/nodespacing/node_margin_calculator.rs	277
vendor/elk-swift/Sources/ElkSwift/ELK/org/eclipse/elk/alg/common/org_eclipse_elk_alg_common_NodeMicroLayout.swift	src/org/eclipse/elk/alg/common/node_micro_layout.rs	40
vendor/elk-swift/Sources/ElkSwift/ELK/org/eclipse/elk/alg/common/org_eclipse_elk_alg_common_Point.swift	src/org/eclipse/elk/alg/common/point.rs	109
vendor/elk-swift/Sources/ElkSwift/ELK/org/eclipse/elk/alg/common/org_eclipse_elk_alg_common_RectilinearConvexHull.swift	src/org/eclipse/elk/alg/common/rectilinear_convex_hull.rs	255
vendor/elk-swift/Sources/ElkSwift/ELK/org/eclipse/elk/alg/common/overlaps/org_eclipse_elk_alg_common_overlaps_GreedyRectangleStripOverlapRemover.swift	src/org/eclipse/elk/alg/common/overlaps/greedy_rectangle_strip_overlap_remover.rs	44
vendor/elk-swift/Sources/ElkSwift/ELK/org/eclipse/elk/alg/common/overlaps/org_eclipse_elk_alg_common_overlaps_IRectangleStripOverlapRemovalStrategy.swift	src/org/eclipse/elk/alg/common/overlaps/i_rectangle_strip_overlap_removal_strategy.rs	16
vendor/elk-swift/Sources/ElkSwift/ELK/org/eclipse/elk/alg/common/overlaps/org_eclipse_elk_alg_common_overlaps_RectangleStripOverlapRemover.swift	src/org/eclipse/elk/alg/common/overlaps/rectangle_strip_overlap_remover.rs	233
vendor/elk-swift/Sources/ElkSwift/ELK/org/eclipse/elk/alg/common/utils/org_eclipse_elk_alg_common_utils_UniqueTriple.swift	src/org/eclipse/elk/alg/common/utils/unique_triple.rs	33
vendor/elk-swift/Sources/ElkSwift/ELK/org/eclipse/elk/alg/layered/compaction/components/org_eclipse_elk_alg_layered_compaction_components_ComponentsToCGraphTransformer.swift	src/org/eclipse/elk/alg/layered/compaction/components/components_to_c_graph_transformer.rs	212
vendor/elk-swift/Sources/ElkSwift/ELK/org/eclipse/elk/alg/layered/compaction/components/org_eclipse_elk_alg_layered_compaction_components_IComponent.swift	src/org/eclipse/elk/alg/layered/compaction/components/i_component.rs	13
vendor/elk-swift/Sources/ElkSwift/ELK/org/eclipse/elk/alg/layered/compaction/components/org_eclipse_elk_alg_layered_compaction_components_IConnectedComponents.swift	src/org/eclipse/elk/alg/layered/compaction/components/i_connected_components.rs	12
vendor/elk-swift/Sources/ElkSwift/ELK/org/eclipse/elk/alg/layered/compaction/components/org_eclipse_elk_alg_layered_compaction_components_IExternalExtension.swift	src/org/eclipse/elk/alg/layered/compaction/components/i_external_extension.rs	26
vendor/elk-swift/Sources/ElkSwift/ELK/org/eclipse/elk/alg/layered/compaction/components/org_eclipse_elk_alg_layered_compaction_components_OneDimensionalComponentsCompaction.swift	src/org/eclipse/elk/alg/layered/compaction/components/one_dimensional_components_compaction.rs	279
vendor/elk-swift/Sources/ElkSwift/ELK/org/eclipse/elk/alg/layered/compaction/oned/algs/org_eclipse_elk_alg_layered_compaction_oned_algs_ICompactionAlgorithm.swift	src/org/eclipse/elk/alg/layered/compaction/oned/algs/i_compaction_algorithm.rs	24
vendor/elk-swift/Sources/ElkSwift/ELK/org/eclipse/elk/alg/layered/compaction/oned/algs/org_eclipse_elk_alg_layered_compaction_oned_algs_IConstraintCalculationAlgorithm.swift	src/org/eclipse/elk/alg/layered/compaction/oned/algs/i_constraint_calculation_algorithm.rs	11
vendor/elk-swift/Sources/ElkSwift/ELK/org/eclipse/elk/alg/layered/compaction/oned/algs/org_eclipse_elk_alg_layered_compaction_oned_algs_LongestPathCompaction.swift	src/org/eclipse/elk/alg/layered/compaction/oned/algs/longest_path_compaction.rs	112
vendor/elk-swift/Sources/ElkSwift/ELK/org/eclipse/elk/alg/layered/compaction/oned/algs/org_eclipse_elk_alg_layered_compaction_oned_algs_QuadraticConstraintCalculation.swift	src/org/eclipse/elk/alg/layered/compaction/oned/algs/quadratic_constraint_calculation.rs	52
vendor/elk-swift/Sources/ElkSwift/ELK/org/eclipse/elk/alg/layered/compaction/oned/algs/org_eclipse_elk_alg_layered_compaction_oned_algs_ScanlineConstraintCalculator.swift	src/org/eclipse/elk/alg/layered/compaction/oned/algs/scanline_constraint_calculator.rs	297
vendor/elk-swift/Sources/ElkSwift/ELK/org/eclipse/elk/alg/layered/compaction/oned/org_eclipse_elk_alg_layered_compaction_oned_CGraph.swift	src/org/eclipse/elk/alg/layered/compaction/oned/c_graph.rs	35
vendor/elk-swift/Sources/ElkSwift/ELK/org/eclipse/elk/alg/layered/compaction/oned/org_eclipse_elk_alg_layered_compaction_oned_CGroup.swift	src/org/eclipse/elk/alg/layered/compaction/oned/c_group.rs	86
vendor/elk-swift/Sources/ElkSwift/ELK/org/eclipse/elk/alg/layered/compaction/oned/org_eclipse_elk_alg_layered_compaction_oned_CNode.swift	src/org/eclipse/elk/alg/layered/compaction/oned/c_node.rs	122
vendor/elk-swift/Sources/ElkSwift/ELK/org/eclipse/elk/alg/layered/compaction/oned/org_eclipse_elk_alg_layered_compaction_oned_CompareFuzzy.swift	src/org/eclipse/elk/alg/layered/compaction/oned/compare_fuzzy.rs	31
vendor/elk-swift/Sources/ElkSwift/ELK/org/eclipse/elk/alg/layered/compaction/oned/org_eclipse_elk_alg_layered_compaction_oned_ICGraphTransformer.swift	src/org/eclipse/elk/alg/layered/compaction/oned/ic_graph_transformer.rs	32
vendor/elk-swift/Sources/ElkSwift/ELK/org/eclipse/elk/alg/layered/compaction/oned/org_eclipse_elk_alg_layered_compaction_oned_ISpacingsHandler.swift	src/org/eclipse/elk/alg/layered/compaction/oned/i_spacings_handler.rs	11
vendor/elk-swift/Sources/ElkSwift/ELK/org/eclipse/elk/alg/layered/compaction/oned/org_eclipse_elk_alg_layered_compaction_oned_OneDimensionalCompactor.swift	src/org/eclipse/elk/alg/layered/compaction/oned/one_dimensional_compactor.rs	309
vendor/elk-swift/Sources/ElkSwift/ELK/org/eclipse/elk/alg/layered/compaction/oned/org_eclipse_elk_alg_layered_compaction_oned_Quadruplet.swift	src/org/eclipse/elk/alg/layered/compaction/oned/quadruplet.rs	89
vendor/elk-swift/Sources/ElkSwift/ELK/org/eclipse/elk/alg/layered/components/org_eclipse_elk_alg_layered_components_AbstractGraphPlacer.swift	src/org/eclipse/elk/alg/layered/components/abstract_graph_placer.rs	80
vendor/elk-swift/Sources/ElkSwift/ELK/org/eclipse/elk/alg/layered/components/org_eclipse_elk_alg_layered_components_ComponentGroup.swift	src/org/eclipse/elk/alg/layered/components/component_group.rs	243
vendor/elk-swift/Sources/ElkSwift/ELK/org/eclipse/elk/alg/layered/components/org_eclipse_elk_alg_layered_components_ComponentGroupGraphPlacer.swift	src/org/eclipse/elk/alg/layered/components/component_group_graph_placer.rs	234
vendor/elk-swift/Sources/ElkSwift/ELK/org/eclipse/elk/alg/layered/components/org_eclipse_elk_alg_layered_components_ComponentGroupModelOrderGraphPlacer.swift	src/org/eclipse/elk/alg/layered/components/component_group_model_order_graph_placer.rs	148
vendor/elk-swift/Sources/ElkSwift/ELK/org/eclipse/elk/alg/layered/components/org_eclipse_elk_alg_layered_components_ComponentOrderingStrategy.swift	src/org/eclipse/elk/alg/layered/components/component_ordering_strategy.rs	24
vendor/elk-swift/Sources/ElkSwift/ELK/org/eclipse/elk/alg/layered/components/org_eclipse_elk_alg_layered_components_ComponentsCompactor.swift	src/org/eclipse/elk/alg/layered/components/components_compactor.rs	583
vendor/elk-swift/Sources/ElkSwift/ELK/org/eclipse/elk/alg/layered/components/org_eclipse_elk_alg_layered_components_ComponentsProcessor.swift	src/org/eclipse/elk/alg/layered/components/components_processor.rs	141
vendor/elk-swift/Sources/ElkSwift/ELK/org/eclipse/elk/alg/layered/components/org_eclipse_elk_alg_layered_components_ModelOrderComponentGroup.swift	src/org/eclipse/elk/alg/layered/components/model_order_component_group.rs	235
vendor/elk-swift/Sources/ElkSwift/ELK/org/eclipse/elk/alg/layered/components/org_eclipse_elk_alg_layered_components_ModelOrderRowGraphPlacer.swift	src/org/eclipse/elk/alg/layered/components/model_order_row_graph_placer.rs	64
vendor/elk-swift/Sources/ElkSwift/ELK/org/eclipse/elk/alg/layered/components/org_eclipse_elk_alg_layered_components_SimpleRowGraphPlacer.swift	src/org/eclipse/elk/alg/layered/components/simple_row_graph_placer.rs	130
vendor/elk-swift/Sources/ElkSwift/ELK/org/eclipse/elk/alg/layered/compound/org_eclipse_elk_alg_layered_compound_CompoundGraphPostprocessor.swift	src/org/eclipse/elk/alg/layered/compound/compound_graph_postprocessor.rs	203
vendor/elk-swift/Sources/ElkSwift/ELK/org/eclipse/elk/alg/layered/compound/org_eclipse_elk_alg_layered_compound_CompoundGraphPreprocessor.swift	src/org/eclipse/elk/alg/layered/compound/compound_graph_preprocessor.rs	707
vendor/elk-swift/Sources/ElkSwift/ELK/org/eclipse/elk/alg/layered/compound/org_eclipse_elk_alg_layered_compound_CrossHierarchyEdge.swift	src/org/eclipse/elk/alg/layered/compound/cross_hierarchy_edge.rs	94
vendor/elk-swift/Sources/ElkSwift/ELK/org/eclipse/elk/alg/layered/compound/org_eclipse_elk_alg_layered_compound_CrossHierarchyEdgeComparator.swift	src/org/eclipse/elk/alg/layered/compound/cross_hierarchy_edge_comparator.rs	74
vendor/elk-swift/Sources/ElkSwift/ELK/org/eclipse/elk/alg/layered/graph/org_eclipse_elk_alg_layered_graph_LEdge.swift	src/org/eclipse/elk/alg/layered/graph/l_edge.rs	149
vendor/elk-swift/Sources/ElkSwift/ELK/org/eclipse/elk/alg/layered/graph/org_eclipse_elk_alg_layered_graph_LGraph.swift	src/org/eclipse/elk/alg/layered/graph/l_graph.rs	89
vendor/elk-swift/Sources/ElkSwift/ELK/org/eclipse/elk/alg/layered/graph/org_eclipse_elk_alg_layered_graph_LGraphAdapters.swift	src/org/eclipse/elk/alg/layered/graph/l_graph_adapters.rs	239
vendor/elk-swift/Sources/ElkSwift/ELK/org/eclipse/elk/alg/layered/graph/org_eclipse_elk_alg_layered_graph_LGraphElement.swift	src/org/eclipse/elk/alg/layered/graph/l_graph_element.rs	20
vendor/elk-swift/Sources/ElkSwift/ELK/org/eclipse/elk/alg/layered/graph/org_eclipse_elk_alg_layered_graph_LGraphUtil.swift	src/org/eclipse/elk/alg/layered/graph/l_graph_util.rs	792
vendor/elk-swift/Sources/ElkSwift/ELK/org/eclipse/elk/alg/layered/graph/org_eclipse_elk_alg_layered_graph_LLabel.swift	src/org/eclipse/elk/alg/layered/graph/l_label.rs	39
vendor/elk-swift/Sources/ElkSwift/ELK/org/eclipse/elk/alg/layered/graph/org_eclipse_elk_alg_layered_graph_LMargin.swift	src/org/eclipse/elk/alg/layered/graph/l_margin.rs	9
vendor/elk-swift/Sources/ElkSwift/ELK/org/eclipse/elk/alg/layered/graph/org_eclipse_elk_alg_layered_graph_LNode.swift	src/org/eclipse/elk/alg/layered/graph/l_node.rs	307
vendor/elk-swift/Sources/ElkSwift/ELK/org/eclipse/elk/alg/layered/graph/org_eclipse_elk_alg_layered_graph_LPadding.swift	src/org/eclipse/elk/alg/layered/graph/l_padding.rs	9
vendor/elk-swift/Sources/ElkSwift/ELK/org/eclipse/elk/alg/layered/graph/org_eclipse_elk_alg_layered_graph_LPort.swift	src/org/eclipse/elk/alg/layered/graph/l_port.rs	195
vendor/elk-swift/Sources/ElkSwift/ELK/org/eclipse/elk/alg/layered/graph/org_eclipse_elk_alg_layered_graph_LShape.swift	src/org/eclipse/elk/alg/layered/graph/l_shape.rs	39
vendor/elk-swift/Sources/ElkSwift/ELK/org/eclipse/elk/alg/layered/graph/org_eclipse_elk_alg_layered_graph_Layer.swift	src/org/eclipse/elk/alg/layered/graph/layer.rs	43
vendor/elk-swift/Sources/ElkSwift/ELK/org/eclipse/elk/alg/layered/graph/org_eclipse_elk_alg_layered_graph_Tarjan.swift	src/org/eclipse/elk/alg/layered/graph/tarjan.rs	105
vendor/elk-swift/Sources/ElkSwift/ELK/org/eclipse/elk/alg/layered/graph/transform/org_eclipse_elk_alg_layered_graph_transform_ElkGraphImporter.swift	src/org/eclipse/elk/alg/layered/graph/transform/elk_graph_importer.rs	917
vendor/elk-swift/Sources/ElkSwift/ELK/org/eclipse/elk/alg/layered/graph/transform/org_eclipse_elk_alg_layered_graph_transform_ElkGraphLayoutTransferrer.swift	src/org/eclipse/elk/alg/layered/graph/transform/elk_graph_layout_transferrer.rs	519
vendor/elk-swift/Sources/ElkSwift/ELK/org/eclipse/elk/alg/layered/graph/transform/org_eclipse_elk_alg_layered_graph_transform_ElkGraphTransformer.swift	src/org/eclipse/elk/alg/layered/graph/transform/elk_graph_transformer.rs	49
vendor/elk-swift/Sources/ElkSwift/ELK/org/eclipse/elk/alg/layered/graph/transform/org_eclipse_elk_alg_layered_graph_transform_IGraphTransformer.swift	src/org/eclipse/elk/alg/layered/graph/transform/i_graph_transformer.rs	34
vendor/elk-swift/Sources/ElkSwift/ELK/org/eclipse/elk/alg/layered/intermediate/compaction/org_eclipse_elk_alg_layered_intermediate_compaction_EdgeAwareScanlineConstraintCalculation.swift	src/org/eclipse/elk/alg/layered/intermediate/compaction/edge_aware_scanline_constraint_calculation.rs	11
vendor/elk-swift/Sources/ElkSwift/ELK/org/eclipse/elk/alg/layered/intermediate/compaction/org_eclipse_elk_alg_layered_intermediate_compaction_HorizontalGraphCompactor.swift	src/org/eclipse/elk/alg/layered/intermediate/compaction/horizontal_graph_compactor.rs	18
vendor/elk-swift/Sources/ElkSwift/ELK/org/eclipse/elk/alg/layered/intermediate/compaction/org_eclipse_elk_alg_layered_intermediate_compaction_LGraphToCGraphTransformer.swift	src/org/eclipse/elk/alg/layered/intermediate/compaction/l_graph_to_c_graph_transformer.rs	11
vendor/elk-swift/Sources/ElkSwift/ELK/org/eclipse/elk/alg/layered/intermediate/compaction/org_eclipse_elk_alg_layered_intermediate_compaction_NetworkSimplexCompaction.swift	src/org/eclipse/elk/alg/layered/intermediate/compaction/network_simplex_compaction.rs	11
vendor/elk-swift/Sources/ElkSwift/ELK/org/eclipse/elk/alg/layered/intermediate/compaction/org_eclipse_elk_alg_layered_intermediate_compaction_VerticalSegment.swift	src/org/eclipse/elk/alg/layered/intermediate/compaction/vertical_segment.rs	11
vendor/elk-swift/Sources/ElkSwift/ELK/org/eclipse/elk/alg/layered/intermediate/greedyswitch/org_eclipse_elk_alg_layered_intermediate_greedyswitch_BetweenLayerEdgeTwoNodeCrossingsCounter.swift	src/org/eclipse/elk/alg/layered/intermediate/greedyswitch/between_layer_edge_two_node_crossings_counter.rs	265
vendor/elk-swift/Sources/ElkSwift/ELK/org/eclipse/elk/alg/layered/intermediate/greedyswitch/org_eclipse_elk_alg_layered_intermediate_greedyswitch_CrossingMatrixFiller.swift	src/org/eclipse/elk/alg/layered/intermediate/greedyswitch/crossing_matrix_filler.rs	51
vendor/elk-swift/Sources/ElkSwift/ELK/org/eclipse/elk/alg/layered/intermediate/greedyswitch/org_eclipse_elk_alg_layered_intermediate_greedyswitch_GreedySwitchHeuristic.swift	src/org/eclipse/elk/alg/layered/intermediate/greedyswitch/greedy_switch_heuristic.rs	128
vendor/elk-swift/Sources/ElkSwift/ELK/org/eclipse/elk/alg/layered/intermediate/greedyswitch/org_eclipse_elk_alg_layered_intermediate_greedyswitch_NorthSouthEdgeNeighbouringNodeCrossingsCounter.swift	src/org/eclipse/elk/alg/layered/intermediate/greedyswitch/north_south_edge_neighbouring_node_crossings_counter.rs	151
vendor/elk-swift/Sources/ElkSwift/ELK/org/eclipse/elk/alg/layered/intermediate/greedyswitch/org_eclipse_elk_alg_layered_intermediate_greedyswitch_SwitchDecider.swift	src/org/eclipse/elk/alg/layered/intermediate/greedyswitch/switch_decider.rs	194
vendor/elk-swift/Sources/ElkSwift/ELK/org/eclipse/elk/alg/layered/intermediate/loops/ordering/org_eclipse_elk_alg_layered_intermediate_loops_ordering_PortRestorer.swift	src/org/eclipse/elk/alg/layered/intermediate/loops/ordering/port_restorer.rs	288
vendor/elk-swift/Sources/ElkSwift/ELK/org/eclipse/elk/alg/layered/intermediate/loops/ordering/org_eclipse_elk_alg_layered_intermediate_loops_ordering_PortSideAssigner.swift	src/org/eclipse/elk/alg/layered/intermediate/loops/ordering/port_side_assigner.rs	122
vendor/elk-swift/Sources/ElkSwift/ELK/org/eclipse/elk/alg/layered/intermediate/loops/org_eclipse_elk_alg_layered_intermediate_loops_SelfHyperLoop.swift	src/org/eclipse/elk/alg/layered/intermediate/loops/self_hyper_loop.rs	133
vendor/elk-swift/Sources/ElkSwift/ELK/org/eclipse/elk/alg/layered/intermediate/loops/org_eclipse_elk_alg_layered_intermediate_loops_SelfHyperLoopLabels.swift	src/org/eclipse/elk/alg/layered/intermediate/loops/self_hyper_loop_labels.rs	151
vendor/elk-swift/Sources/ElkSwift/ELK/org/eclipse/elk/alg/layered/intermediate/loops/org_eclipse_elk_alg_layered_intermediate_loops_SelfLoopEdge.swift	src/org/eclipse/elk/alg/layered/intermediate/loops/self_loop_edge.rs	63
vendor/elk-swift/Sources/ElkSwift/ELK/org/eclipse/elk/alg/layered/intermediate/loops/org_eclipse_elk_alg_layered_intermediate_loops_SelfLoopHolder.swift	src/org/eclipse/elk/alg/layered/intermediate/loops/self_loop_holder.rs	143
vendor/elk-swift/Sources/ElkSwift/ELK/org/eclipse/elk/alg/layered/intermediate/loops/org_eclipse_elk_alg_layered_intermediate_loops_SelfLoopPort.swift	src/org/eclipse/elk/alg/layered/intermediate/loops/self_loop_port.rs	53
vendor/elk-swift/Sources/ElkSwift/ELK/org/eclipse/elk/alg/layered/intermediate/loops/org_eclipse_elk_alg_layered_intermediate_loops_SelfLoopType.swift	src/org/eclipse/elk/alg/layered/intermediate/loops/self_loop_type.rs	43
vendor/elk-swift/Sources/ElkSwift/ELK/org/eclipse/elk/alg/layered/intermediate/loops/routing/org_eclipse_elk_alg_layered_intermediate_loops_routing_AbstractSelfLoopRouter.swift	src/org/eclipse/elk/alg/layered/intermediate/loops/routing/abstract_self_loop_router.rs	10
vendor/elk-swift/Sources/ElkSwift/ELK/org/eclipse/elk/alg/layered/intermediate/loops/routing/org_eclipse_elk_alg_layered_intermediate_loops_routing_LabelPlacer.swift	src/org/eclipse/elk/alg/layered/intermediate/loops/routing/label_placer.rs	273
vendor/elk-swift/Sources/ElkSwift/ELK/org/eclipse/elk/alg/layered/intermediate/loops/routing/org_eclipse_elk_alg_layered_intermediate_loops_routing_OrthogonalSelfLoopRouter.swift	src/org/eclipse/elk/alg/layered/intermediate/loops/routing/orthogonal_self_loop_router.rs	292
vendor/elk-swift/Sources/ElkSwift/ELK/org/eclipse/elk/alg/layered/intermediate/loops/routing/org_eclipse_elk_alg_layered_intermediate_loops_routing_PolylineSelfLoopRouter.swift	src/org/eclipse/elk/alg/layered/intermediate/loops/routing/polyline_self_loop_router.rs	62
vendor/elk-swift/Sources/ElkSwift/ELK/org/eclipse/elk/alg/layered/intermediate/loops/routing/org_eclipse_elk_alg_layered_intermediate_loops_routing_RoutingDirector.swift	src/org/eclipse/elk/alg/layered/intermediate/loops/routing/routing_director.rs	212
vendor/elk-swift/Sources/ElkSwift/ELK/org/eclipse/elk/alg/layered/intermediate/loops/routing/org_eclipse_elk_alg_layered_intermediate_loops_routing_RoutingSlotAssigner.swift	src/org/eclipse/elk/alg/layered/intermediate/loops/routing/routing_slot_assigner.rs	274
vendor/elk-swift/Sources/ElkSwift/ELK/org/eclipse/elk/alg/layered/intermediate/org_eclipse_elk_alg_layered_intermediate_BiLinkedHashMultiMap.swift	src/org/eclipse/elk/alg/layered/intermediate/bi_linked_hash_multi_map.rs	127
vendor/elk-swift/Sources/ElkSwift/ELK/org/eclipse/elk/alg/layered/intermediate/org_eclipse_elk_alg_layered_intermediate_CommentNodeMarginCalculator.swift	src/org/eclipse/elk/alg/layered/intermediate/comment_node_margin_calculator.rs	88
vendor/elk-swift/Sources/ElkSwift/ELK/org/eclipse/elk/alg/layered/intermediate/org_eclipse_elk_alg_layered_intermediate_CommentPostprocessor.swift	src/org/eclipse/elk/alg/layered/intermediate/comment_postprocessor.rs	165
vendor/elk-swift/Sources/ElkSwift/ELK/org/eclipse/elk/alg/layered/intermediate/org_eclipse_elk_alg_layered_intermediate_CommentPreprocessor.swift	src/org/eclipse/elk/alg/layered/intermediate/comment_preprocessor.rs	212
vendor/elk-swift/Sources/ElkSwift/ELK/org/eclipse/elk/alg/layered/intermediate/org_eclipse_elk_alg_layered_intermediate_ConstraintsPostprocessor.swift	src/org/eclipse/elk/alg/layered/intermediate/constraints_postprocessor.rs	46
vendor/elk-swift/Sources/ElkSwift/ELK/org/eclipse/elk/alg/layered/intermediate/org_eclipse_elk_alg_layered_intermediate_DummySelfLoopProcessor.swift	src/org/eclipse/elk/alg/layered/intermediate/dummy_self_loop_processor.rs	113
vendor/elk-swift/Sources/ElkSwift/ELK/org/eclipse/elk/alg/layered/intermediate/org_eclipse_elk_alg_layered_intermediate_EdgeAndLayerConstraintEdgeReverser.swift	src/org/eclipse/elk/alg/layered/intermediate/edge_and_layer_constraint_edge_reverser.rs	235
vendor/elk-swift/Sources/ElkSwift/ELK/org/eclipse/elk/alg/layered/intermediate/org_eclipse_elk_alg_layered_intermediate_EndLabelPostprocessor.swift	src/org/eclipse/elk/alg/layered/intermediate/end_label_postprocessor.rs	66
vendor/elk-swift/Sources/ElkSwift/ELK/org/eclipse/elk/alg/layered/intermediate/org_eclipse_elk_alg_layered_intermediate_EndLabelPreprocessor.swift	src/org/eclipse/elk/alg/layered/intermediate/end_label_preprocessor.rs	338
vendor/elk-swift/Sources/ElkSwift/ELK/org/eclipse/elk/alg/layered/intermediate/org_eclipse_elk_alg_layered_intermediate_EndLabelSorter.swift	src/org/eclipse/elk/alg/layered/intermediate/end_label_sorter.rs	175
vendor/elk-swift/Sources/ElkSwift/ELK/org/eclipse/elk/alg/layered/intermediate/org_eclipse_elk_alg_layered_intermediate_GraphTransformer.swift	src/org/eclipse/elk/alg/layered/intermediate/graph_transformer.rs	566
vendor/elk-swift/Sources/ElkSwift/ELK/org/eclipse/elk/alg/layered/intermediate/org_eclipse_elk_alg_layered_intermediate_HierarchicalNodeResizingProcessor.swift	src/org/eclipse/elk/alg/layered/intermediate/hierarchical_node_resizing_processor.rs	169
vendor/elk-swift/Sources/ElkSwift/ELK/org/eclipse/elk/alg/layered/intermediate/org_eclipse_elk_alg_layered_intermediate_HierarchicalPortConstraintProcessor.swift	src/org/eclipse/elk/alg/layered/intermediate/hierarchical_port_constraint_processor.rs	289
vendor/elk-swift/Sources/ElkSwift/ELK/org/eclipse/elk/alg/layered/intermediate/org_eclipse_elk_alg_layered_intermediate_HierarchicalPortDummySizeProcessor.swift	src/org/eclipse/elk/alg/layered/intermediate/hierarchical_port_dummy_size_processor.rs	82
vendor/elk-swift/Sources/ElkSwift/ELK/org/eclipse/elk/alg/layered/intermediate/org_eclipse_elk_alg_layered_intermediate_HierarchicalPortOrthogonalEdgeRouter.swift	src/org/eclipse/elk/alg/layered/intermediate/hierarchical_port_orthogonal_edge_router.rs	636
vendor/elk-swift/Sources/ElkSwift/ELK/org/eclipse/elk/alg/layered/intermediate/org_eclipse_elk_alg_layered_intermediate_HierarchicalPortPositionProcessor.swift	src/org/eclipse/elk/alg/layered/intermediate/hierarchical_port_position_processor.rs	69
vendor/elk-swift/Sources/ElkSwift/ELK/org/eclipse/elk/alg/layered/intermediate/org_eclipse_elk_alg_layered_intermediate_HighDegreeNodeLayeringProcessor.swift	src/org/eclipse/elk/alg/layered/intermediate/high_degree_node_layering_processor.rs	213
vendor/elk-swift/Sources/ElkSwift/ELK/org/eclipse/elk/alg/layered/intermediate/org_eclipse_elk_alg_layered_intermediate_HyperedgeDummyMerger.swift	src/org/eclipse/elk/alg/layered/intermediate/hyperedge_dummy_merger.rs	11
vendor/elk-swift/Sources/ElkSwift/ELK/org/eclipse/elk/alg/layered/intermediate/org_eclipse_elk_alg_layered_intermediate_HypernodesProcessor.swift	src/org/eclipse/elk/alg/layered/intermediate/hypernodes_processor.rs	11
vendor/elk-swift/Sources/ElkSwift/ELK/org/eclipse/elk/alg/layered/intermediate/org_eclipse_elk_alg_layered_intermediate_InLayerConstraintProcessor.swift	src/org/eclipse/elk/alg/layered/intermediate/in_layer_constraint_processor.rs	48
vendor/elk-swift/Sources/ElkSwift/ELK/org/eclipse/elk/alg/layered/intermediate/org_eclipse_elk_alg_layered_intermediate_InnermostNodeMarginCalculator.swift	src/org/eclipse/elk/alg/layered/intermediate/innermost_node_margin_calculator.rs	21
vendor/elk-swift/Sources/ElkSwift/ELK/org/eclipse/elk/alg/layered/intermediate/org_eclipse_elk_alg_layered_intermediate_InteractiveExternalPortPositioner.swift	src/org/eclipse/elk/alg/layered/intermediate/interactive_external_port_positioner.rs	11
vendor/elk-swift/Sources/ElkSwift/ELK/org/eclipse/elk/alg/layered/intermediate/org_eclipse_elk_alg_layered_intermediate_IntermediateProcessorStrategy.swift	src/org/eclipse/elk/alg/layered/intermediate/intermediate_processor_strategy.rs	368
vendor/elk-swift/Sources/ElkSwift/ELK/org/eclipse/elk/alg/layered/intermediate/org_eclipse_elk_alg_layered_intermediate_InvertedPortProcessor.swift	src/org/eclipse/elk/alg/layered/intermediate/inverted_port_processor.rs	204
vendor/elk-swift/Sources/ElkSwift/ELK/org/eclipse/elk/alg/layered/intermediate/org_eclipse_elk_alg_layered_intermediate_LabelAndNodeSizeProcessor.swift	src/org/eclipse/elk/alg/layered/intermediate/label_and_node_size_processor.rs	150
vendor/elk-swift/Sources/ElkSwift/ELK/org/eclipse/elk/alg/layered/intermediate/org_eclipse_elk_alg_layered_intermediate_LabelDummyInserter.swift	src/org/eclipse/elk/alg/layered/intermediate/label_dummy_inserter.rs	100
vendor/elk-swift/Sources/ElkSwift/ELK/org/eclipse/elk/alg/layered/intermediate/org_eclipse_elk_alg_layered_intermediate_LabelDummyRemover.swift	src/org/eclipse/elk/alg/layered/intermediate/label_dummy_remover.rs	93
vendor/elk-swift/Sources/ElkSwift/ELK/org/eclipse/elk/alg/layered/intermediate/org_eclipse_elk_alg_layered_intermediate_LabelDummySwitcher.swift	src/org/eclipse/elk/alg/layered/intermediate/label_dummy_switcher.rs	413
vendor/elk-swift/Sources/ElkSwift/ELK/org/eclipse/elk/alg/layered/intermediate/org_eclipse_elk_alg_layered_intermediate_LabelManagementProcessor.swift	src/org/eclipse/elk/alg/layered/intermediate/label_management_processor.rs	41
vendor/elk-swift/Sources/ElkSwift/ELK/org/eclipse/elk/alg/layered/intermediate/org_eclipse_elk_alg_layered_intermediate_LabelSideSelector.swift	src/org/eclipse/elk/alg/layered/intermediate/label_side_selector.rs	257
vendor/elk-swift/Sources/ElkSwift/ELK/org/eclipse/elk/alg/layered/intermediate/org_eclipse_elk_alg_layered_intermediate_LayerConstraintPostprocessor.swift	src/org/eclipse/elk/alg/layered/intermediate/layer_constraint_postprocessor.rs	131
vendor/elk-swift/Sources/ElkSwift/ELK/org/eclipse/elk/alg/layered/intermediate/org_eclipse_elk_alg_layered_intermediate_LayerConstraintPreprocessor.swift	src/org/eclipse/elk/alg/layered/intermediate/layer_constraint_preprocessor.rs	137
vendor/elk-swift/Sources/ElkSwift/ELK/org/eclipse/elk/alg/layered/intermediate/org_eclipse_elk_alg_layered_intermediate_LayerSizeAndGraphHeightCalculator.swift	src/org/eclipse/elk/alg/layered/intermediate/layer_size_and_graph_height_calculator.rs	66
vendor/elk-swift/Sources/ElkSwift/ELK/org/eclipse/elk/alg/layered/intermediate/org_eclipse_elk_alg_layered_intermediate_LongEdgeJoiner.swift	src/org/eclipse/elk/alg/layered/intermediate/long_edge_joiner.rs	84
vendor/elk-swift/Sources/ElkSwift/ELK/org/eclipse/elk/alg/layered/intermediate/org_eclipse_elk_alg_layered_intermediate_LongEdgeSplitter.swift	src/org/eclipse/elk/alg/layered/intermediate/long_edge_splitter.rs	137
vendor/elk-swift/Sources/ElkSwift/ELK/org/eclipse/elk/alg/layered/intermediate/org_eclipse_elk_alg_layered_intermediate_NodePromotion.swift	src/org/eclipse/elk/alg/layered/intermediate/node_promotion.rs	11
vendor/elk-swift/Sources/ElkSwift/ELK/org/eclipse/elk/alg/layered/intermediate/org_eclipse_elk_alg_layered_intermediate_NorthSouthPortPostprocessor.swift	src/org/eclipse/elk/alg/layered/intermediate/north_south_port_postprocessor.rs	161
vendor/elk-swift/Sources/ElkSwift/ELK/org/eclipse/elk/alg/layered/intermediate/org_eclipse_elk_alg_layered_intermediate_NorthSouthPortPreprocessor.swift	src/org/eclipse/elk/alg/layered/intermediate/north_south_port_preprocessor.rs	448
vendor/elk-swift/Sources/ElkSwift/ELK/org/eclipse/elk/alg/layered/intermediate/org_eclipse_elk_alg_layered_intermediate_PartitionMidprocessor.swift	src/org/eclipse/elk/alg/layered/intermediate/partition_midprocessor.rs	11
vendor/elk-swift/Sources/ElkSwift/ELK/org/eclipse/elk/alg/layered/intermediate/org_eclipse_elk_alg_layered_intermediate_PartitionPostprocessor.swift	src/org/eclipse/elk/alg/layered/intermediate/partition_postprocessor.rs	11
vendor/elk-swift/Sources/ElkSwift/ELK/org/eclipse/elk/alg/layered/intermediate/org_eclipse_elk_alg_layered_intermediate_PartitionPreprocessor.swift	src/org/eclipse/elk/alg/layered/intermediate/partition_preprocessor.rs	11
vendor/elk-swift/Sources/ElkSwift/ELK/org/eclipse/elk/alg/layered/intermediate/org_eclipse_elk_alg_layered_intermediate_PortListSorter.swift	src/org/eclipse/elk/alg/layered/intermediate/port_list_sorter.rs	165
vendor/elk-swift/Sources/ElkSwift/ELK/org/eclipse/elk/alg/layered/intermediate/org_eclipse_elk_alg_layered_intermediate_PortSideProcessor.swift	src/org/eclipse/elk/alg/layered/intermediate/port_side_processor.rs	49
vendor/elk-swift/Sources/ElkSwift/ELK/org/eclipse/elk/alg/layered/intermediate/org_eclipse_elk_alg_layered_intermediate_ReversedEdgeRestorer.swift	src/org/eclipse/elk/alg/layered/intermediate/reversed_edge_restorer.rs	24
vendor/elk-swift/Sources/ElkSwift/ELK/org/eclipse/elk/alg/layered/intermediate/org_eclipse_elk_alg_layered_intermediate_SelfLoopPortRestorer.swift	src/org/eclipse/elk/alg/layered/intermediate/self_loop_port_restorer.rs	51
vendor/elk-swift/Sources/ElkSwift/ELK/org/eclipse/elk/alg/layered/intermediate/org_eclipse_elk_alg_layered_intermediate_SelfLoopPostProcessor.swift	src/org/eclipse/elk/alg/layered/intermediate/self_loop_post_processor.rs	45
vendor/elk-swift/Sources/ElkSwift/ELK/org/eclipse/elk/alg/layered/intermediate/org_eclipse_elk_alg_layered_intermediate_SelfLoopPreProcessor.swift	src/org/eclipse/elk/alg/layered/intermediate/self_loop_pre_processor.rs	55
vendor/elk-swift/Sources/ElkSwift/ELK/org/eclipse/elk/alg/layered/intermediate/org_eclipse_elk_alg_layered_intermediate_SelfLoopRouter.swift	src/org/eclipse/elk/alg/layered/intermediate/self_loop_router.rs	53
vendor/elk-swift/Sources/ElkSwift/ELK/org/eclipse/elk/alg/layered/intermediate/org_eclipse_elk_alg_layered_intermediate_SemiInteractiveCrossMinProcessor.swift	src/org/eclipse/elk/alg/layered/intermediate/semi_interactive_cross_min_processor.rs	11
vendor/elk-swift/Sources/ElkSwift/ELK/org/eclipse/elk/alg/layered/intermediate/org_eclipse_elk_alg_layered_intermediate_SortByInputModelProcessor.swift	src/org/eclipse/elk/alg/layered/intermediate/sort_by_input_model_processor.rs	880
vendor/elk-swift/Sources/ElkSwift/ELK/org/eclipse/elk/alg/layered/intermediate/preserveorder/org_eclipse_elk_alg_layered_intermediate_preserveorder_CMGroupModelOrderCalculator.swift	src/org/eclipse/elk/alg/layered/intermediate/preserveorder/cm_group_model_order_calculator.rs	44
vendor/elk-swift/Sources/ElkSwift/ELK/org/eclipse/elk/alg/layered/intermediate/preserveorder/org_eclipse_elk_alg_layered_intermediate_preserveorder_ModelOrderNodeComparator.swift	src/org/eclipse/elk/alg/layered/intermediate/preserveorder/model_order_node_comparator.rs	437
vendor/elk-swift/Sources/ElkSwift/ELK/org/eclipse/elk/alg/layered/intermediate/preserveorder/org_eclipse_elk_alg_layered_intermediate_preserveorder_ModelOrderPortComparator.swift	src/org/eclipse/elk/alg/layered/intermediate/preserveorder/model_order_port_comparator.rs	65
vendor/elk-swift/Sources/ElkSwift/ELK/org/eclipse/elk/alg/layered/intermediate/unzipping/org_eclipse_elk_alg_layered_intermediate_unzipping_AlternatingLayerUnzipper.swift	src/org/eclipse/elk/alg/layered/intermediate/unzipping/alternating_layer_unzipper.rs	11
vendor/elk-swift/Sources/ElkSwift/ELK/org/eclipse/elk/alg/layered/intermediate/wrapping/org_eclipse_elk_alg_layered_intermediate_wrapping_ARDCutIndexHeuristic.swift	src/org/eclipse/elk/alg/layered/intermediate/wrapping/ard_cut_index_heuristic.rs	40
vendor/elk-swift/Sources/ElkSwift/ELK/org/eclipse/elk/alg/layered/intermediate/wrapping/org_eclipse_elk_alg_layered_intermediate_wrapping_BreakingPointInserter.swift	src/org/eclipse/elk/alg/layered/intermediate/wrapping/breaking_point_inserter.rs	11
vendor/elk-swift/Sources/ElkSwift/ELK/org/eclipse/elk/alg/layered/intermediate/wrapping/org_eclipse_elk_alg_layered_intermediate_wrapping_BreakingPointProcessor.swift	src/org/eclipse/elk/alg/layered/intermediate/wrapping/breaking_point_processor.rs	11
vendor/elk-swift/Sources/ElkSwift/ELK/org/eclipse/elk/alg/layered/intermediate/wrapping/org_eclipse_elk_alg_layered_intermediate_wrapping_BreakingPointRemover.swift	src/org/eclipse/elk/alg/layered/intermediate/wrapping/breaking_point_remover.rs	11
vendor/elk-swift/Sources/ElkSwift/ELK/org/eclipse/elk/alg/layered/intermediate/wrapping/org_eclipse_elk_alg_layered_intermediate_wrapping_CuttingUtils.swift	src/org/eclipse/elk/alg/layered/intermediate/wrapping/cutting_utils.rs	11
vendor/elk-swift/Sources/ElkSwift/ELK/org/eclipse/elk/alg/layered/intermediate/wrapping/org_eclipse_elk_alg_layered_intermediate_wrapping_GraphStats.swift	src/org/eclipse/elk/alg/layered/intermediate/wrapping/graph_stats.rs	317
vendor/elk-swift/Sources/ElkSwift/ELK/org/eclipse/elk/alg/layered/intermediate/wrapping/org_eclipse_elk_alg_layered_intermediate_wrapping_ICutIndexCalculator.swift	src/org/eclipse/elk/alg/layered/intermediate/wrapping/i_cut_index_calculator.rs	33
vendor/elk-swift/Sources/ElkSwift/ELK/org/eclipse/elk/alg/layered/intermediate/wrapping/org_eclipse_elk_alg_layered_intermediate_wrapping_MSDCutIndexHeuristic.swift	src/org/eclipse/elk/alg/layered/intermediate/wrapping/msd_cut_index_heuristic.rs	102
vendor/elk-swift/Sources/ElkSwift/ELK/org/eclipse/elk/alg/layered/intermediate/wrapping/org_eclipse_elk_alg_layered_intermediate_wrapping_SingleEdgeGraphWrapper.swift	src/org/eclipse/elk/alg/layered/intermediate/wrapping/single_edge_graph_wrapper.rs	11
vendor/elk-swift/Sources/ElkSwift/ELK/org/eclipse/elk/alg/layered/options/org_eclipse_elk_alg_layered_options_CenterEdgeLabelPlacementStrategy.swift	src/org/eclipse/elk/alg/layered/options/center_edge_label_placement_strategy.rs	18
vendor/elk-swift/Sources/ElkSwift/ELK/org/eclipse/elk/alg/layered/options/org_eclipse_elk_alg_layered_options_ConstraintCalculationStrategy.swift	src/org/eclipse/elk/alg/layered/options/constraint_calculation_strategy.rs	11
vendor/elk-swift/Sources/ElkSwift/ELK/org/eclipse/elk/alg/layered/options/org_eclipse_elk_alg_layered_options_CrossingMinimizationStrategy.swift	src/org/eclipse/elk/alg/layered/options/crossing_minimization_strategy.rs	47
vendor/elk-swift/Sources/ElkSwift/ELK/org/eclipse/elk/alg/layered/options/org_eclipse_elk_alg_layered_options_CuttingStrategy.swift	src/org/eclipse/elk/alg/layered/options/cutting_strategy.rs	14
vendor/elk-swift/Sources/ElkSwift/ELK/org/eclipse/elk/alg/layered/options/org_eclipse_elk_alg_layered_options_CycleBreakingStrategy.swift	src/org/eclipse/elk/alg/layered/options/cycle_breaking_strategy.rs	84
vendor/elk-swift/Sources/ElkSwift/ELK/org/eclipse/elk/alg/layered/options/org_eclipse_elk_alg_layered_options_DirectionCongruency.swift	src/org/eclipse/elk/alg/layered/options/direction_congruency.rs	12
vendor/elk-swift/Sources/ElkSwift/ELK/org/eclipse/elk/alg/layered/options/org_eclipse_elk_alg_layered_options_EdgeConstraint.swift	src/org/eclipse/elk/alg/layered/options/edge_constraint.rs	15
vendor/elk-swift/Sources/ElkSwift/ELK/org/eclipse/elk/alg/layered/options/org_eclipse_elk_alg_layered_options_EdgeLabelSideSelection.swift	src/org/eclipse/elk/alg/layered/options/edge_label_side_selection.rs	29
vendor/elk-swift/Sources/ElkSwift/ELK/org/eclipse/elk/alg/layered/options/org_eclipse_elk_alg_layered_options_EdgeStraighteningStrategy.swift	src/org/eclipse/elk/alg/layered/options/edge_straightening_strategy.rs	11
vendor/elk-swift/Sources/ElkSwift/ELK/org/eclipse/elk/alg/layered/options/org_eclipse_elk_alg_layered_options_FixedAlignment.swift	src/org/eclipse/elk/alg/layered/options/fixed_alignment.rs	23
vendor/elk-swift/Sources/ElkSwift/ELK/org/eclipse/elk/alg/layered/options/org_eclipse_elk_alg_layered_options_GraphCompactionStrategy.swift	src/org/eclipse/elk/alg/layered/options/graph_compaction_strategy.rs	25
vendor/elk-swift/Sources/ElkSwift/ELK/org/eclipse/elk/alg/layered/options/org_eclipse_elk_alg_layered_options_GraphProperties.swift	src/org/eclipse/elk/alg/layered/options/graph_properties.rs	37
vendor/elk-swift/Sources/ElkSwift/ELK/org/eclipse/elk/alg/layered/options/org_eclipse_elk_alg_layered_options_GreedySwitchType.swift	src/org/eclipse/elk/alg/layered/options/greedy_switch_type.rs	21
vendor/elk-swift/Sources/ElkSwift/ELK/org/eclipse/elk/alg/layered/options/org_eclipse_elk_alg_layered_options_GroupOrderStrategy.swift	src/org/eclipse/elk/alg/layered/options/group_order_strategy.rs	22
vendor/elk-swift/Sources/ElkSwift/ELK/org/eclipse/elk/alg/layered/options/org_eclipse_elk_alg_layered_options_InLayerConstraint.swift	src/org/eclipse/elk/alg/layered/options/in_layer_constraint.rs	19
vendor/elk-swift/Sources/ElkSwift/ELK/org/eclipse/elk/alg/layered/options/org_eclipse_elk_alg_layered_options_InteractiveReferencePoint.swift	src/org/eclipse/elk/alg/layered/options/interactive_reference_point.rs	16
vendor/elk-swift/Sources/ElkSwift/ELK/org/eclipse/elk/alg/layered/options/org_eclipse_elk_alg_layered_options_InternalProperties.swift	src/org/eclipse/elk/alg/layered/options/internal_properties.rs	144
vendor/elk-swift/Sources/ElkSwift/ELK/org/eclipse/elk/alg/layered/options/org_eclipse_elk_alg_layered_options_LayerConstraint.swift	src/org/eclipse/elk/alg/layered/options/layer_constraint.rs	25
vendor/elk-swift/Sources/ElkSwift/ELK/org/eclipse/elk/alg/layered/options/org_eclipse_elk_alg_layered_options_LayerUnzippingStrategy.swift	src/org/eclipse/elk/alg/layered/options/layer_unzipping_strategy.rs	16
vendor/elk-swift/Sources/ElkSwift/ELK/org/eclipse/elk/alg/layered/options/org_eclipse_elk_alg_layered_options_LayeredOptions.swift	src/org/eclipse/elk/alg/layered/options/layered_options.rs	177
vendor/elk-swift/Sources/ElkSwift/ELK/org/eclipse/elk/alg/layered/options/org_eclipse_elk_alg_layered_options_LayeredSpacings.swift	src/org/eclipse/elk/alg/layered/options/layered_spacings.rs	20
vendor/elk-swift/Sources/ElkSwift/ELK/org/eclipse/elk/alg/layered/options/org_eclipse_elk_alg_layered_options_LayeringStrategy.swift	src/org/eclipse/elk/alg/layered/options/layering_strategy.rs	119
vendor/elk-swift/Sources/ElkSwift/ELK/org/eclipse/elk/alg/layered/options/org_eclipse_elk_alg_layered_options_LongEdgeOrderingStrategy.swift	src/org/eclipse/elk/alg/layered/options/long_edge_ordering_strategy.rs	20
vendor/elk-swift/Sources/ElkSwift/ELK/org/eclipse/elk/alg/layered/options/org_eclipse_elk_alg_layered_options_NodeFlexibility.swift	src/org/eclipse/elk/alg/layered/options/node_flexibility.rs	52
vendor/elk-swift/Sources/ElkSwift/ELK/org/eclipse/elk/alg/layered/options/org_eclipse_elk_alg_layered_options_NodePlacementStrategy.swift	src/org/eclipse/elk/alg/layered/options/node_placement_strategy.rs	60
vendor/elk-swift/Sources/ElkSwift/ELK/org/eclipse/elk/alg/layered/options/org_eclipse_elk_alg_layered_options_NodePromotionStrategy.swift	src/org/eclipse/elk/alg/layered/options/node_promotion_strategy.rs	44
vendor/elk-swift/Sources/ElkSwift/ELK/org/eclipse/elk/alg/layered/options/org_eclipse_elk_alg_layered_options_OrderingStrategy.swift	src/org/eclipse/elk/alg/layered/options/ordering_strategy.rs	22
vendor/elk-swift/Sources/ElkSwift/ELK/org/eclipse/elk/alg/layered/options/org_eclipse_elk_alg_layered_options_PortSortingStrategy.swift	src/org/eclipse/elk/alg/layered/options/port_sorting_strategy.rs	18
vendor/elk-swift/Sources/ElkSwift/ELK/org/eclipse/elk/alg/layered/options/org_eclipse_elk_alg_layered_options_PortType.swift	src/org/eclipse/elk/alg/layered/options/port_type.rs	17
vendor/elk-swift/Sources/ElkSwift/ELK/org/eclipse/elk/alg/layered/options/org_eclipse_elk_alg_layered_options_SelfLoopDistributionStrategy.swift	src/org/eclipse/elk/alg/layered/options/self_loop_distribution_strategy.rs	16
vendor/elk-swift/Sources/ElkSwift/ELK/org/eclipse/elk/alg/layered/options/org_eclipse_elk_alg_layered_options_SelfLoopOrderingStrategy.swift	src/org/eclipse/elk/alg/layered/options/self_loop_ordering_strategy.rs	16
vendor/elk-swift/Sources/ElkSwift/ELK/org/eclipse/elk/alg/layered/options/org_eclipse_elk_alg_layered_options_SelfLoopPlacementStrategy.swift	src/org/eclipse/elk/alg/layered/options/self_loop_placement_strategy.rs	16
vendor/elk-swift/Sources/ElkSwift/ELK/org/eclipse/elk/alg/layered/options/org_eclipse_elk_alg_layered_options_Spacings.swift	src/org/eclipse/elk/alg/layered/options/spacings.rs	202
vendor/elk-swift/Sources/ElkSwift/ELK/org/eclipse/elk/alg/layered/options/org_eclipse_elk_alg_layered_options_SplineRoutingMode.swift	src/org/eclipse/elk/alg/layered/options/spline_routing_mode.rs	20
vendor/elk-swift/Sources/ElkSwift/ELK/org/eclipse/elk/alg/layered/options/org_eclipse_elk_alg_layered_options_ValidifyStrategy.swift	src/org/eclipse/elk/alg/layered/options/validify_strategy.rs	16
vendor/elk-swift/Sources/ElkSwift/ELK/org/eclipse/elk/alg/layered/options/org_eclipse_elk_alg_layered_options_WrappingStrategy.swift	src/org/eclipse/elk/alg/layered/options/wrapping_strategy.rs	18
vendor/elk-swift/Sources/ElkSwift/ELK/org/eclipse/elk/alg/layered/org_eclipse_elk_alg_layered_ElkLayered.swift	src/org/eclipse/elk/alg/layered/elk_layered.rs	414
vendor/elk-swift/Sources/ElkSwift/ELK/org/eclipse/elk/alg/layered/org_eclipse_elk_alg_layered_GraphConfigurator.swift	src/org/eclipse/elk/alg/layered/graph_configurator.rs	411
vendor/elk-swift/Sources/ElkSwift/ELK/org/eclipse/elk/alg/layered/org_eclipse_elk_alg_layered_IHierarchyAwareLayoutProcessor.swift	src/org/eclipse/elk/alg/layered/i_hierarchy_aware_layout_processor.rs	18
vendor/elk-swift/Sources/ElkSwift/ELK/org/eclipse/elk/alg/layered/org_eclipse_elk_alg_layered_LayeredLayoutProvider.swift	src/org/eclipse/elk/alg/layered/layered_layout_provider.rs	56
vendor/elk-swift/Sources/ElkSwift/ELK/org/eclipse/elk/alg/layered/org_eclipse_elk_alg_layered_LayeredPhases.swift	src/org/eclipse/elk/alg/layered/layered_phases.rs	30
vendor/elk-swift/Sources/ElkSwift/ELK/org/eclipse/elk/alg/layered/p1cycles/org_eclipse_elk_alg_layered_p1cycles_BFSNodeOrderCycleBreaker.swift	src/org/eclipse/elk/alg/layered/p1cycles/bfs_node_order_cycle_breaker.rs	214
vendor/elk-swift/Sources/ElkSwift/ELK/org/eclipse/elk/alg/layered/p1cycles/org_eclipse_elk_alg_layered_p1cycles_DFSNodeOrderCycleBreaker.swift	src/org/eclipse/elk/alg/layered/p1cycles/dfs_node_order_cycle_breaker.rs	188
vendor/elk-swift/Sources/ElkSwift/ELK/org/eclipse/elk/alg/layered/p1cycles/org_eclipse_elk_alg_layered_p1cycles_DepthFirstCycleBreaker.swift	src/org/eclipse/elk/alg/layered/p1cycles/depth_first_cycle_breaker.rs	134
vendor/elk-swift/Sources/ElkSwift/ELK/org/eclipse/elk/alg/layered/p1cycles/org_eclipse_elk_alg_layered_p1cycles_GreedyCycleBreaker.swift	src/org/eclipse/elk/alg/layered/p1cycles/greedy_cycle_breaker.rs	247
vendor/elk-swift/Sources/ElkSwift/ELK/org/eclipse/elk/alg/layered/p1cycles/org_eclipse_elk_alg_layered_p1cycles_GreedyModelOrderCycleBreaker.swift	src/org/eclipse/elk/alg/layered/p1cycles/greedy_model_order_cycle_breaker.rs	58
vendor/elk-swift/Sources/ElkSwift/ELK/org/eclipse/elk/alg/layered/p1cycles/org_eclipse_elk_alg_layered_p1cycles_GroupModelOrderCalculator.swift	src/org/eclipse/elk/alg/layered/p1cycles/group_model_order_calculator.rs	154
vendor/elk-swift/Sources/ElkSwift/ELK/org/eclipse/elk/alg/layered/p1cycles/org_eclipse_elk_alg_layered_p1cycles_InteractiveCycleBreaker.swift	src/org/eclipse/elk/alg/layered/p1cycles/interactive_cycle_breaker.rs	120
vendor/elk-swift/Sources/ElkSwift/ELK/org/eclipse/elk/alg/layered/p1cycles/org_eclipse_elk_alg_layered_p1cycles_ModelOrderCycleBreaker.swift	src/org/eclipse/elk/alg/layered/p1cycles/model_order_cycle_breaker.rs	86
vendor/elk-swift/Sources/ElkSwift/ELK/org/eclipse/elk/alg/layered/p1cycles/org_eclipse_elk_alg_layered_p1cycles_SCCModelOrderCycleBreaker.swift	src/org/eclipse/elk/alg/layered/p1cycles/scc_model_order_cycle_breaker.rs	165
vendor/elk-swift/Sources/ElkSwift/ELK/org/eclipse/elk/alg/layered/p1cycles/org_eclipse_elk_alg_layered_p1cycles_SCCNodeTypeCycleBreaker.swift	src/org/eclipse/elk/alg/layered/p1cycles/scc_node_type_cycle_breaker.rs	136
vendor/elk-swift/Sources/ElkSwift/ELK/org/eclipse/elk/alg/layered/p1cycles/org_eclipse_elk_alg_layered_p1cycles_SCConnectivity.swift	src/org/eclipse/elk/alg/layered/p1cycles/sc_connectivity.rs	95
vendor/elk-swift/Sources/ElkSwift/ELK/org/eclipse/elk/alg/layered/p2layers/org_eclipse_elk_alg_layered_p2layers_BreadthFirstModelOrderLayerer.swift	src/org/eclipse/elk/alg/layered/p2layers/breadth_first_model_order_layerer.rs	118
vendor/elk-swift/Sources/ElkSwift/ELK/org/eclipse/elk/alg/layered/p2layers/org_eclipse_elk_alg_layered_p2layers_CoffmanGrahamLayerer.swift	src/org/eclipse/elk/alg/layered/p2layers/coffman_graham_layerer.rs	11
vendor/elk-swift/Sources/ElkSwift/ELK/org/eclipse/elk/alg/layered/p2layers/org_eclipse_elk_alg_layered_p2layers_DepthFirstModelOrderLayerer.swift	src/org/eclipse/elk/alg/layered/p2layers/depth_first_model_order_layerer.rs	11
vendor/elk-swift/Sources/ElkSwift/ELK/org/eclipse/elk/alg/layered/p2layers/org_eclipse_elk_alg_layered_p2layers_InteractiveLayerer.swift	src/org/eclipse/elk/alg/layered/p2layers/interactive_layerer.rs	201
vendor/elk-swift/Sources/ElkSwift/ELK/org/eclipse/elk/alg/layered/p2layers/org_eclipse_elk_alg_layered_p2layers_LongestPathLayerer.swift	src/org/eclipse/elk/alg/layered/p2layers/longest_path_layerer.rs	105
vendor/elk-swift/Sources/ElkSwift/ELK/org/eclipse/elk/alg/layered/p2layers/org_eclipse_elk_alg_layered_p2layers_LongestPathSourceLayerer.swift	src/org/eclipse/elk/alg/layered/p2layers/longest_path_source_layerer.rs	105
vendor/elk-swift/Sources/ElkSwift/ELK/org/eclipse/elk/alg/layered/p2layers/org_eclipse_elk_alg_layered_p2layers_MinWidthLayerer.swift	src/org/eclipse/elk/alg/layered/p2layers/min_width_layerer.rs	11
vendor/elk-swift/Sources/ElkSwift/ELK/org/eclipse/elk/alg/layered/p2layers/org_eclipse_elk_alg_layered_p2layers_NetworkSimplexLayerer.swift	src/org/eclipse/elk/alg/layered/p2layers/network_simplex_layerer.rs	187
vendor/elk-swift/Sources/ElkSwift/ELK/org/eclipse/elk/alg/layered/p2layers/org_eclipse_elk_alg_layered_p2layers_StretchWidthLayerer.swift	src/org/eclipse/elk/alg/layered/p2layers/stretch_width_layerer.rs	11
vendor/elk-swift/Sources/ElkSwift/ELK/org/eclipse/elk/alg/layered/p3order/counting/SharedIntArray.swift	src/org/eclipse/elk/alg/layered/p3order/counting/shared_int_array.rs	24
vendor/elk-swift/Sources/ElkSwift/ELK/org/eclipse/elk/alg/layered/p3order/counting/org_eclipse_elk_alg_layered_p3order_counting_AllCrossingsCounter.swift	src/org/eclipse/elk/alg/layered/p3order/counting/all_crossings_counter.rs	148
vendor/elk-swift/Sources/ElkSwift/ELK/org/eclipse/elk/alg/layered/p3order/counting/org_eclipse_elk_alg_layered_p3order_counting_BinaryIndexedTree.swift	src/org/eclipse/elk/alg/layered/p3order/counting/binary_indexed_tree.rs	63
vendor/elk-swift/Sources/ElkSwift/ELK/org/eclipse/elk/alg/layered/p3order/counting/org_eclipse_elk_alg_layered_p3order_counting_CrossMinUtil.swift	src/org/eclipse/elk/alg/layered/p3order/counting/cross_min_util.rs	20
vendor/elk-swift/Sources/ElkSwift/ELK/org/eclipse/elk/alg/layered/p3order/counting/org_eclipse_elk_alg_layered_p3order_counting_CrossingsCounter.swift	src/org/eclipse/elk/alg/layered/p3order/counting/crossings_counter.rs	452
vendor/elk-swift/Sources/ElkSwift/ELK/org/eclipse/elk/alg/layered/p3order/counting/org_eclipse_elk_alg_layered_p3order_counting_HyperedgeCrossingsCounter.swift	src/org/eclipse/elk/alg/layered/p3order/counting/hyperedge_crossings_counter.rs	299
vendor/elk-swift/Sources/ElkSwift/ELK/org/eclipse/elk/alg/layered/p3order/counting/org_eclipse_elk_alg_layered_p3order_counting_IInitializable.swift	src/org/eclipse/elk/alg/layered/p3order/counting/i_initializable.rs	10
vendor/elk-swift/Sources/ElkSwift/ELK/org/eclipse/elk/alg/layered/p3order/org_eclipse_elk_alg_layered_p3order_AbstractBarycenterPortDistributor.swift	src/org/eclipse/elk/alg/layered/p3order/abstract_barycenter_port_distributor.rs	379
vendor/elk-swift/Sources/ElkSwift/ELK/org/eclipse/elk/alg/layered/p3order/org_eclipse_elk_alg_layered_p3order_BarycenterHeuristic.swift	src/org/eclipse/elk/alg/layered/p3order/barycenter_heuristic.rs	337
vendor/elk-swift/Sources/ElkSwift/ELK/org/eclipse/elk/alg/layered/p3order/org_eclipse_elk_alg_layered_p3order_ForsterConstraintResolver.swift	src/org/eclipse/elk/alg/layered/p3order/forster_constraint_resolver.rs	491
vendor/elk-swift/Sources/ElkSwift/ELK/org/eclipse/elk/alg/layered/p3order/org_eclipse_elk_alg_layered_p3order_GraphInfoHolder.swift	src/org/eclipse/elk/alg/layered/p3order/graph_info_holder.rs	298
vendor/elk-swift/Sources/ElkSwift/ELK/org/eclipse/elk/alg/layered/p3order/org_eclipse_elk_alg_layered_p3order_GreedyPortDistributor.swift	src/org/eclipse/elk/alg/layered/p3order/greedy_port_distributor.rs	213
vendor/elk-swift/Sources/ElkSwift/ELK/org/eclipse/elk/alg/layered/p3order/org_eclipse_elk_alg_layered_p3order_ICrossingMinimizationHeuristic.swift	src/org/eclipse/elk/alg/layered/p3order/i_crossing_minimization_heuristic.rs	22
vendor/elk-swift/Sources/ElkSwift/ELK/org/eclipse/elk/alg/layered/p3order/org_eclipse_elk_alg_layered_p3order_ISweepPortDistributor.swift	src/org/eclipse/elk/alg/layered/p3order/i_sweep_port_distributor.rs	31
vendor/elk-swift/Sources/ElkSwift/ELK/org/eclipse/elk/alg/layered/p3order/org_eclipse_elk_alg_layered_p3order_InteractiveCrossingMinimizer.swift	src/org/eclipse/elk/alg/layered/p3order/interactive_crossing_minimizer.rs	204
vendor/elk-swift/Sources/ElkSwift/ELK/org/eclipse/elk/alg/layered/p3order/org_eclipse_elk_alg_layered_p3order_LayerSweepCrossingMinimizer.swift	src/org/eclipse/elk/alg/layered/p3order/layer_sweep_crossing_minimizer.rs	764
vendor/elk-swift/Sources/ElkSwift/ELK/org/eclipse/elk/alg/layered/p3order/org_eclipse_elk_alg_layered_p3order_LayerSweepTypeDecider.swift	src/org/eclipse/elk/alg/layered/p3order/layer_sweep_type_decider.rs	224
vendor/elk-swift/Sources/ElkSwift/ELK/org/eclipse/elk/alg/layered/p3order/org_eclipse_elk_alg_layered_p3order_LayerTotalPortDistributor.swift	src/org/eclipse/elk/alg/layered/p3order/layer_total_port_distributor.rs	65
vendor/elk-swift/Sources/ElkSwift/ELK/org/eclipse/elk/alg/layered/p3order/org_eclipse_elk_alg_layered_p3order_MedianHeuristic.swift	src/org/eclipse/elk/alg/layered/p3order/median_heuristic.rs	166
vendor/elk-swift/Sources/ElkSwift/ELK/org/eclipse/elk/alg/layered/p3order/org_eclipse_elk_alg_layered_p3order_ModelOrderBarycenterHeuristic.swift	src/org/eclipse/elk/alg/layered/p3order/model_order_barycenter_heuristic.rs	249
vendor/elk-swift/Sources/ElkSwift/ELK/org/eclipse/elk/alg/layered/p3order/org_eclipse_elk_alg_layered_p3order_NoCrossingMinimizer.swift	src/org/eclipse/elk/alg/layered/p3order/no_crossing_minimizer.rs	49
vendor/elk-swift/Sources/ElkSwift/ELK/org/eclipse/elk/alg/layered/p3order/org_eclipse_elk_alg_layered_p3order_NodeRelativePortDistributor.swift	src/org/eclipse/elk/alg/layered/p3order/node_relative_port_distributor.rs	74
vendor/elk-swift/Sources/ElkSwift/ELK/org/eclipse/elk/alg/layered/p3order/org_eclipse_elk_alg_layered_p3order_SweepCopy.swift	src/org/eclipse/elk/alg/layered/p3order/sweep_copy.rs	199
vendor/elk-swift/Sources/ElkSwift/ELK/org/eclipse/elk/alg/layered/p4nodes/bk/org_eclipse_elk_alg_layered_p4nodes_bk_BKAlignedLayout.swift	src/org/eclipse/elk/alg/layered/p4nodes/bk/bk_aligned_layout.rs	223
vendor/elk-swift/Sources/ElkSwift/ELK/org/eclipse/elk/alg/layered/p4nodes/bk/org_eclipse_elk_alg_layered_p4nodes_bk_BKAligner.swift	src/org/eclipse/elk/alg/layered/p4nodes/bk/bk_aligner.rs	171
vendor/elk-swift/Sources/ElkSwift/ELK/org/eclipse/elk/alg/layered/p4nodes/bk/org_eclipse_elk_alg_layered_p4nodes_bk_BKCompactor.swift	src/org/eclipse/elk/alg/layered/p4nodes/bk/bk_compactor.rs	305
vendor/elk-swift/Sources/ElkSwift/ELK/org/eclipse/elk/alg/layered/p4nodes/bk/org_eclipse_elk_alg_layered_p4nodes_bk_BKNodePlacer.swift	src/org/eclipse/elk/alg/layered/p4nodes/bk/bk_node_placer.rs	442
vendor/elk-swift/Sources/ElkSwift/ELK/org/eclipse/elk/alg/layered/p4nodes/bk/org_eclipse_elk_alg_layered_p4nodes_bk_ICompactor.swift	src/org/eclipse/elk/alg/layered/p4nodes/bk/i_compactor.rs	5
vendor/elk-swift/Sources/ElkSwift/ELK/org/eclipse/elk/alg/layered/p4nodes/bk/org_eclipse_elk_alg_layered_p4nodes_bk_NeighborhoodInformation.swift	src/org/eclipse/elk/alg/layered/p4nodes/bk/neighborhood_information.rs	165
vendor/elk-swift/Sources/ElkSwift/ELK/org/eclipse/elk/alg/layered/p4nodes/bk/org_eclipse_elk_alg_layered_p4nodes_bk_ThresholdStrategy.swift	src/org/eclipse/elk/alg/layered/p4nodes/bk/threshold_strategy.rs	271
vendor/elk-swift/Sources/ElkSwift/ELK/org/eclipse/elk/alg/layered/p4nodes/org_eclipse_elk_alg_layered_p4nodes_InteractiveNodePlacer.swift	src/org/eclipse/elk/alg/layered/p4nodes/interactive_node_placer.rs	88
vendor/elk-swift/Sources/ElkSwift/ELK/org/eclipse/elk/alg/layered/p4nodes/org_eclipse_elk_alg_layered_p4nodes_LinearSegmentsNodePlacer.swift	src/org/eclipse/elk/alg/layered/p4nodes/linear_segments_node_placer.rs	730
vendor/elk-swift/Sources/ElkSwift/ELK/org/eclipse/elk/alg/layered/p4nodes/org_eclipse_elk_alg_layered_p4nodes_NetworkSimplexPlacer.swift	src/org/eclipse/elk/alg/layered/p4nodes/network_simplex_placer.rs	1002
vendor/elk-swift/Sources/ElkSwift/ELK/org/eclipse/elk/alg/layered/p4nodes/org_eclipse_elk_alg_layered_p4nodes_SimpleNodePlacer.swift	src/org/eclipse/elk/alg/layered/p4nodes/simple_node_placer.rs	73
vendor/elk-swift/Sources/ElkSwift/ELK/org/eclipse/elk/alg/layered/p5edges/org_eclipse_elk_alg_layered_p5edges_EdgeRouterFactory.swift	src/org/eclipse/elk/alg/layered/p5edges/edge_router_factory.rs	54
vendor/elk-swift/Sources/ElkSwift/ELK/org/eclipse/elk/alg/layered/p5edges/org_eclipse_elk_alg_layered_p5edges_OrthogonalEdgeRouter.swift	src/org/eclipse/elk/alg/layered/p5edges/orthogonal_edge_router.rs	185
vendor/elk-swift/Sources/ElkSwift/ELK/org/eclipse/elk/alg/layered/p5edges/org_eclipse_elk_alg_layered_p5edges_PolylineEdgeRouter.swift	src/org/eclipse/elk/alg/layered/p5edges/polyline_edge_router.rs	292
vendor/elk-swift/Sources/ElkSwift/ELK/org/eclipse/elk/alg/layered/p5edges/orthogonal/direction/org_eclipse_elk_alg_layered_p5edges_orthogonal_direction_BaseRoutingDirectionStrategy.swift	src/org/eclipse/elk/alg/layered/p5edges/orthogonal/direction/base_routing_direction_strategy.rs	125
vendor/elk-swift/Sources/ElkSwift/ELK/org/eclipse/elk/alg/layered/p5edges/orthogonal/direction/org_eclipse_elk_alg_layered_p5edges_orthogonal_direction_NorthToSouthRoutingStrategy.swift	src/org/eclipse/elk/alg/layered/p5edges/orthogonal/direction/north_to_south_routing_strategy.rs	10
vendor/elk-swift/Sources/ElkSwift/ELK/org/eclipse/elk/alg/layered/p5edges/orthogonal/direction/org_eclipse_elk_alg_layered_p5edges_orthogonal_direction_RoutingDirection.swift	src/org/eclipse/elk/alg/layered/p5edges/orthogonal/direction/routing_direction.rs	8
vendor/elk-swift/Sources/ElkSwift/ELK/org/eclipse/elk/alg/layered/p5edges/orthogonal/direction/org_eclipse_elk_alg_layered_p5edges_orthogonal_direction_SouthToNorthRoutingStrategy.swift	src/org/eclipse/elk/alg/layered/p5edges/orthogonal/direction/south_to_north_routing_strategy.rs	10
vendor/elk-swift/Sources/ElkSwift/ELK/org/eclipse/elk/alg/layered/p5edges/orthogonal/direction/org_eclipse_elk_alg_layered_p5edges_orthogonal_direction_WestToEastRoutingStrategy.swift	src/org/eclipse/elk/alg/layered/p5edges/orthogonal/direction/west_to_east_routing_strategy.rs	75
vendor/elk-swift/Sources/ElkSwift/ELK/org/eclipse/elk/alg/layered/p5edges/orthogonal/org_eclipse_elk_alg_layered_p5edges_orthogonal_HyperEdgeCycleDetector.swift	src/org/eclipse/elk/alg/layered/p5edges/orthogonal/hyper_edge_cycle_detector.rs	337
vendor/elk-swift/Sources/ElkSwift/ELK/org/eclipse/elk/alg/layered/p5edges/orthogonal/org_eclipse_elk_alg_layered_p5edges_orthogonal_HyperEdgeSegment.swift	src/org/eclipse/elk/alg/layered/p5edges/orthogonal/hyper_edge_segment.rs	345
vendor/elk-swift/Sources/ElkSwift/ELK/org/eclipse/elk/alg/layered/p5edges/orthogonal/org_eclipse_elk_alg_layered_p5edges_orthogonal_HyperEdgeSegmentDependency.swift	src/org/eclipse/elk/alg/layered/p5edges/orthogonal/hyper_edge_segment_dependency.rs	111
vendor/elk-swift/Sources/ElkSwift/ELK/org/eclipse/elk/alg/layered/p5edges/orthogonal/org_eclipse_elk_alg_layered_p5edges_orthogonal_HyperEdgeSegmentSplitter.swift	src/org/eclipse/elk/alg/layered/p5edges/orthogonal/hyper_edge_segment_splitter.rs	357
vendor/elk-swift/Sources/ElkSwift/ELK/org/eclipse/elk/alg/layered/p5edges/orthogonal/org_eclipse_elk_alg_layered_p5edges_orthogonal_OrthogonalRoutingGenerator.swift	src/org/eclipse/elk/alg/layered/p5edges/orthogonal/orthogonal_routing_generator.rs	392
vendor/elk-swift/Sources/ElkSwift/ELK/org/eclipse/elk/core/alg/org_eclipse_elk_core_alg_AlgorithmAssembler.swift	src/org/eclipse/elk/core/alg/algorithm_assembler.rs	261
vendor/elk-swift/Sources/ElkSwift/ELK/org/eclipse/elk/core/alg/org_eclipse_elk_core_alg_EnumBasedFactoryComparator.swift	src/org/eclipse/elk/core/alg/enum_based_factory_comparator.rs	46
vendor/elk-swift/Sources/ElkSwift/ELK/org/eclipse/elk/core/alg/org_eclipse_elk_core_alg_ILayoutPhase.swift	src/org/eclipse/elk/core/alg/i_layout_phase.rs	24
vendor/elk-swift/Sources/ElkSwift/ELK/org/eclipse/elk/core/alg/org_eclipse_elk_core_alg_ILayoutPhaseFactory.swift	src/org/eclipse/elk/core/alg/i_layout_phase_factory.rs	31
vendor/elk-swift/Sources/ElkSwift/ELK/org/eclipse/elk/core/alg/org_eclipse_elk_core_alg_ILayoutProcessor.swift	src/org/eclipse/elk/core/alg/i_layout_processor.rs	121
vendor/elk-swift/Sources/ElkSwift/ELK/org/eclipse/elk/core/alg/org_eclipse_elk_core_alg_ILayoutProcessorFactory.swift	src/org/eclipse/elk/core/alg/i_layout_processor_factory.rs	32
vendor/elk-swift/Sources/ElkSwift/ELK/org/eclipse/elk/core/alg/org_eclipse_elk_core_alg_LayoutProcessorConfiguration.swift	src/org/eclipse/elk/core/alg/layout_processor_configuration.rs	257
vendor/elk-swift/Sources/ElkSwift/ELK/org/eclipse/elk/core/data/org_eclipse_elk_core_data_DeprecatedLayoutOptionReplacer.swift	src/org/eclipse/elk/core/data/deprecated_layout_option_replacer.rs	63
vendor/elk-swift/Sources/ElkSwift/ELK/org/eclipse/elk/core/data/org_eclipse_elk_core_data_ILayoutMetaData.swift	src/org/eclipse/elk/core/data/i_layout_meta_data.rs	30
vendor/elk-swift/Sources/ElkSwift/ELK/org/eclipse/elk/core/data/org_eclipse_elk_core_data_ILayoutMetaDataProvider.swift	src/org/eclipse/elk/core/data/i_layout_meta_data_provider.rs	49
vendor/elk-swift/Sources/ElkSwift/ELK/org/eclipse/elk/core/data/org_eclipse_elk_core_data_LayoutAlgorithmData.swift	src/org/eclipse/elk/core/data/layout_algorithm_data.rs	240
vendor/elk-swift/Sources/ElkSwift/ELK/org/eclipse/elk/core/data/org_eclipse_elk_core_data_LayoutAlgorithmResolver.swift	src/org/eclipse/elk/core/data/layout_algorithm_resolver.rs	85
vendor/elk-swift/Sources/ElkSwift/ELK/org/eclipse/elk/core/data/org_eclipse_elk_core_data_LayoutCategoryData.swift	src/org/eclipse/elk/core/data/layout_category_data.rs	89
vendor/elk-swift/Sources/ElkSwift/ELK/org/eclipse/elk/core/data/org_eclipse_elk_core_data_LayoutMetaDataService.swift	src/org/eclipse/elk/core/data/layout_meta_data_service.rs	344
vendor/elk-swift/Sources/ElkSwift/ELK/org/eclipse/elk/core/data/org_eclipse_elk_core_data_LayoutOptionData.swift	src/org/eclipse/elk/core/data/layout_option_data.rs	535
vendor/elk-swift/Sources/ElkSwift/ELK/org/eclipse/elk/core/labels/org_eclipse_elk_core_labels_ILabelManager.swift	src/org/eclipse/elk/core/labels/i_label_manager.rs	30
vendor/elk-swift/Sources/ElkSwift/ELK/org/eclipse/elk/core/math/org_eclipse_elk_core_math_BezierSpline.swift	src/org/eclipse/elk/core/math/bezier_spline.rs	192
vendor/elk-swift/Sources/ElkSwift/ELK/org/eclipse/elk/core/math/org_eclipse_elk_core_math_CubicSplineInterpolator.swift	src/org/eclipse/elk/core/math/cubic_spline_interpolator.rs	190
vendor/elk-swift/Sources/ElkSwift/ELK/org/eclipse/elk/core/math/org_eclipse_elk_core_math_ElkMargin.swift	src/org/eclipse/elk/core/math/elk_margin.rs	27
vendor/elk-swift/Sources/ElkSwift/ELK/org/eclipse/elk/core/math/org_eclipse_elk_core_math_ElkMath.swift	src/org/eclipse/elk/core/math/elk_math.rs	1279
vendor/elk-swift/Sources/ElkSwift/ELK/org/eclipse/elk/core/math/org_eclipse_elk_core_math_ElkPadding.swift	src/org/eclipse/elk/core/math/elk_padding.rs	27
vendor/elk-swift/Sources/ElkSwift/ELK/org/eclipse/elk/core/math/org_eclipse_elk_core_math_ElkRectangle.swift	src/org/eclipse/elk/core/math/elk_rectangle.rs	229
vendor/elk-swift/Sources/ElkSwift/ELK/org/eclipse/elk/core/math/org_eclipse_elk_core_math_ISplineInterpolator.swift	src/org/eclipse/elk/core/math/i_spline_interpolator.rs	27
vendor/elk-swift/Sources/ElkSwift/ELK/org/eclipse/elk/core/math/org_eclipse_elk_core_math_KVector.swift	src/org/eclipse/elk/core/math/k_vector.rs	578
vendor/elk-swift/Sources/ElkSwift/ELK/org/eclipse/elk/core/math/org_eclipse_elk_core_math_KVectorChain.swift	src/org/eclipse/elk/core/math/k_vector_chain.rs	545
vendor/elk-swift/Sources/ElkSwift/ELK/org/eclipse/elk/core/math/org_eclipse_elk_core_math_Spacing.swift	src/org/eclipse/elk/core/math/spacing.rs	130
vendor/elk-swift/Sources/ElkSwift/ELK/org/eclipse/elk/core/options/org_eclipse_elk_core_options_Alignment.swift	src/org/eclipse/elk/core/options/alignment.rs	26
vendor/elk-swift/Sources/ElkSwift/ELK/org/eclipse/elk/core/options/org_eclipse_elk_core_options_ContentAlignment.swift	src/org/eclipse/elk/core/options/content_alignment.rs	84
vendor/elk-swift/Sources/ElkSwift/ELK/org/eclipse/elk/core/options/org_eclipse_elk_core_options_CoreOptions.swift	src/org/eclipse/elk/core/options/core_options.rs	324
vendor/elk-swift/Sources/ElkSwift/ELK/org/eclipse/elk/core/options/org_eclipse_elk_core_options_Direction.swift	src/org/eclipse/elk/core/options/direction.rs	79
vendor/elk-swift/Sources/ElkSwift/ELK/org/eclipse/elk/core/options/org_eclipse_elk_core_options_EdgeCoords.swift	src/org/eclipse/elk/core/options/edge_coords.rs	26
vendor/elk-swift/Sources/ElkSwift/ELK/org/eclipse/elk/core/options/org_eclipse_elk_core_options_EdgeLabelPlacement.swift	src/org/eclipse/elk/core/options/edge_label_placement.rs	34
vendor/elk-swift/Sources/ElkSwift/ELK/org/eclipse/elk/core/options/org_eclipse_elk_core_options_EdgeRouting.swift	src/org/eclipse/elk/core/options/edge_routing.rs	20
vendor/elk-swift/Sources/ElkSwift/ELK/org/eclipse/elk/core/options/org_eclipse_elk_core_options_EdgeType.swift	src/org/eclipse/elk/core/options/edge_type.rs	24
vendor/elk-swift/Sources/ElkSwift/ELK/org/eclipse/elk/core/options/org_eclipse_elk_core_options_HierarchyHandling.swift	src/org/eclipse/elk/core/options/hierarchy_handling.rs	39
vendor/elk-swift/Sources/ElkSwift/ELK/org/eclipse/elk/core/options/org_eclipse_elk_core_options_ITopdownSizeApproximator.swift	src/org/eclipse/elk/core/options/i_topdown_size_approximator.rs	18
vendor/elk-swift/Sources/ElkSwift/ELK/org/eclipse/elk/core/options/org_eclipse_elk_core_options_LabelSide.swift	src/org/eclipse/elk/core/options/label_side.rs	39
vendor/elk-swift/Sources/ElkSwift/ELK/org/eclipse/elk/core/options/org_eclipse_elk_core_options_NodeLabelPlacement.swift	src/org/eclipse/elk/core/options/node_label_placement.rs	205
vendor/elk-swift/Sources/ElkSwift/ELK/org/eclipse/elk/core/options/org_eclipse_elk_core_options_PortAlignment.swift	src/org/eclipse/elk/core/options/port_alignment.rs	26
vendor/elk-swift/Sources/ElkSwift/ELK/org/eclipse/elk/core/options/org_eclipse_elk_core_options_PortConstraints.swift	src/org/eclipse/elk/core/options/port_constraints.rs	59
vendor/elk-swift/Sources/ElkSwift/ELK/org/eclipse/elk/core/options/org_eclipse_elk_core_options_PortLabelPlacement.swift	src/org/eclipse/elk/core/options/port_label_placement.rs	126
vendor/elk-swift/Sources/ElkSwift/ELK/org/eclipse/elk/core/options/org_eclipse_elk_core_options_PortSide.swift	src/org/eclipse/elk/core/options/port_side.rs	134
vendor/elk-swift/Sources/ElkSwift/ELK/org/eclipse/elk/core/options/org_eclipse_elk_core_options_ShapeCoords.swift	src/org/eclipse/elk/core/options/shape_coords.rs	20
vendor/elk-swift/Sources/ElkSwift/ELK/org/eclipse/elk/core/options/org_eclipse_elk_core_options_SizeConstraint.swift	src/org/eclipse/elk/core/options/size_constraint.rs	79
vendor/elk-swift/Sources/ElkSwift/ELK/org/eclipse/elk/core/options/org_eclipse_elk_core_options_SizeOptions.swift	src/org/eclipse/elk/core/options/size_options.rs	104
vendor/elk-swift/Sources/ElkSwift/ELK/org/eclipse/elk/core/options/org_eclipse_elk_core_options_TopdownNodeTypes.swift	src/org/eclipse/elk/core/options/topdown_node_types.rs	36
vendor/elk-swift/Sources/ElkSwift/ELK/org/eclipse/elk/core/options/org_eclipse_elk_core_options_TopdownSizeApproximator.swift	src/org/eclipse/elk/core/options/topdown_size_approximator.rs	204
vendor/elk-swift/Sources/ElkSwift/ELK/org/eclipse/elk/core/options/org_eclipse_elk_core_options_TopdownSizeApproximatorUtil.swift	src/org/eclipse/elk/core/options/topdown_size_approximator_util.rs	80
vendor/elk-swift/Sources/ElkSwift/ELK/org/eclipse/elk/core/org_eclipse_elk_core_AbstractLayoutProvider.swift	src/org/eclipse/elk/core/abstract_layout_provider.rs	46
vendor/elk-swift/Sources/ElkSwift/ELK/org/eclipse/elk/core/org_eclipse_elk_core_IGraphLayoutEngine.swift	src/org/eclipse/elk/core/i_graph_layout_engine.rs	19
vendor/elk-swift/Sources/ElkSwift/ELK/org/eclipse/elk/core/org_eclipse_elk_core_ITopdownLayoutProvider.swift	src/org/eclipse/elk/core/i_topdown_layout_provider.rs	24
vendor/elk-swift/Sources/ElkSwift/ELK/org/eclipse/elk/core/org_eclipse_elk_core_LayoutConfigurator.swift	src/org/eclipse/elk/core/layout_configurator.rs	305
vendor/elk-swift/Sources/ElkSwift/ELK/org/eclipse/elk/core/org_eclipse_elk_core_RecursiveGraphLayoutEngine.swift	src/org/eclipse/elk/core/recursive_graph_layout_engine.rs	397
vendor/elk-swift/Sources/ElkSwift/ELK/org/eclipse/elk/core/org_eclipse_elk_core_UnsupportedConfigurationException.swift	src/org/eclipse/elk/core/unsupported_configuration_exception.rs	17
vendor/elk-swift/Sources/ElkSwift/ELK/org/eclipse/elk/core/org_eclipse_elk_core_UnsupportedGraphException.swift	src/org/eclipse/elk/core/unsupported_graph_exception.rs	26
vendor/elk-swift/Sources/ElkSwift/ELK/org/eclipse/elk/core/util/adapters/org_eclipse_elk_core_util_adapters_ElkGraphAdapters.swift	src/org/eclipse/elk/core/util/adapters/elk_graph_adapters.rs	105
vendor/elk-swift/Sources/ElkSwift/ELK/org/eclipse/elk/core/util/adapters/org_eclipse_elk_core_util_adapters_GraphAdapters.swift	src/org/eclipse/elk/core/util/adapters/graph_adapters.rs	10
vendor/elk-swift/Sources/ElkSwift/ELK/org/eclipse/elk/core/util/internal/org_eclipse_elk_core_util_internal_LayoutOptionProxy.swift	src/org/eclipse/elk/core/util/internal/layout_option_proxy.rs	51
vendor/elk-swift/Sources/ElkSwift/ELK/org/eclipse/elk/core/util/org_eclipse_elk_core_util_AbstractRandomListAccessor.swift	src/org/eclipse/elk/core/util/abstract_random_list_accessor.rs	101
vendor/elk-swift/Sources/ElkSwift/ELK/org/eclipse/elk/core/util/org_eclipse_elk_core_util_AlgorithmFactory.swift	src/org/eclipse/elk/core/util/algorithm_factory.rs	51
vendor/elk-swift/Sources/ElkSwift/ELK/org/eclipse/elk/core/util/org_eclipse_elk_core_util_BasicProgressMonitor.swift	src/org/eclipse/elk/core/util/basic_progress_monitor.rs	239
vendor/elk-swift/Sources/ElkSwift/ELK/org/eclipse/elk/core/util/org_eclipse_elk_core_util_DefaultFactory.swift	src/org/eclipse/elk/core/util/default_factory.rs	29
vendor/elk-swift/Sources/ElkSwift/ELK/org/eclipse/elk/core/util/org_eclipse_elk_core_util_ElkSpacings.swift	src/org/eclipse/elk/core/util/elk_spacings.rs	53
vendor/elk-swift/Sources/ElkSwift/ELK/org/eclipse/elk/core/util/org_eclipse_elk_core_util_ElkUtil.swift	src/org/eclipse/elk/core/util/elk_util.rs	1202
vendor/elk-swift/Sources/ElkSwift/ELK/org/eclipse/elk/core/util/org_eclipse_elk_core_util_ExclusiveBounds.swift	src/org/eclipse/elk/core/util/exclusive_bounds.rs	135
vendor/elk-swift/Sources/ElkSwift/ELK/org/eclipse/elk/core/util/org_eclipse_elk_core_util_IDataObject.swift	src/org/eclipse/elk/core/util/i_data_object.rs	28
vendor/elk-swift/Sources/ElkSwift/ELK/org/eclipse/elk/core/util/org_eclipse_elk_core_util_IElkCancelIndicator.swift	src/org/eclipse/elk/core/util/i_elk_cancel_indicator.rs	18
vendor/elk-swift/Sources/ElkSwift/ELK/org/eclipse/elk/core/util/org_eclipse_elk_core_util_IElkProgressMonitor.swift	src/org/eclipse/elk/core/util/i_elk_progress_monitor.rs	181
vendor/elk-swift/Sources/ElkSwift/ELK/org/eclipse/elk/core/util/org_eclipse_elk_core_util_IFactory.swift	src/org/eclipse/elk/core/util/i_factory.rs	33
vendor/elk-swift/Sources/ElkSwift/ELK/org/eclipse/elk/core/util/org_eclipse_elk_core_util_IGraphElementVisitor.swift	src/org/eclipse/elk/core/util/i_graph_element_visitor.rs	15
vendor/elk-swift/Sources/ElkSwift/ELK/org/eclipse/elk/core/util/org_eclipse_elk_core_util_IndividualSpacings.swift	src/org/eclipse/elk/core/util/individual_spacings.rs	199
vendor/elk-swift/Sources/ElkSwift/ELK/org/eclipse/elk/core/util/org_eclipse_elk_core_util_InstancePool.swift	src/org/eclipse/elk/core/util/instance_pool.rs	94
vendor/elk-swift/Sources/ElkSwift/ELK/org/eclipse/elk/core/util/org_eclipse_elk_core_util_Maybe.swift	src/org/eclipse/elk/core/util/maybe.rs	114
vendor/elk-swift/Sources/ElkSwift/ELK/org/eclipse/elk/core/util/org_eclipse_elk_core_util_NullElkProgressMonitor.swift	src/org/eclipse/elk/core/util/null_elk_progress_monitor.rs	66
vendor/elk-swift/Sources/ElkSwift/ELK/org/eclipse/elk/core/util/org_eclipse_elk_core_util_Pair.swift	src/org/eclipse/elk/core/util/pair.rs	188
vendor/elk-swift/Sources/ElkSwift/ELK/org/eclipse/elk/core/util/org_eclipse_elk_core_util_PropertyConstantsDelegator.swift	src/org/eclipse/elk/core/util/property_constants_delegator.rs	73
vendor/elk-swift/Sources/ElkSwift/ELK/org/eclipse/elk/core/util/org_eclipse_elk_core_util_Quadruple.swift	src/org/eclipse/elk/core/util/quadruple.rs	85
vendor/elk-swift/Sources/ElkSwift/ELK/org/eclipse/elk/core/util/org_eclipse_elk_core_util_Triple.swift	src/org/eclipse/elk/core/util/triple.rs	43
vendor/elk-swift/Sources/ElkSwift/ELK/org/eclipse/elk/core/util/org_eclipse_elk_core_util_WrappedException.swift	src/org/eclipse/elk/core/util/wrapped_exception.rs	37
vendor/elk-swift/Sources/ElkSwift/ELK/org/eclipse/elk/graph/org_eclipse_elk_graph_EMapPropertyHolder.swift	src/org/eclipse/elk/graph/e_map_property_holder.rs	23
vendor/elk-swift/Sources/ElkSwift/ELK/org/eclipse/elk/graph/org_eclipse_elk_graph_ElkBendPoint.swift	src/org/eclipse/elk/graph/elk_bend_point.rs	30
vendor/elk-swift/Sources/ElkSwift/ELK/org/eclipse/elk/graph/org_eclipse_elk_graph_ElkConnectableShape.swift	src/org/eclipse/elk/graph/elk_connectable_shape.rs	29
vendor/elk-swift/Sources/ElkSwift/ELK/org/eclipse/elk/graph/org_eclipse_elk_graph_ElkEdge.swift	src/org/eclipse/elk/graph/elk_edge.rs	47
vendor/elk-swift/Sources/ElkSwift/ELK/org/eclipse/elk/graph/org_eclipse_elk_graph_ElkEdgeSection.swift	src/org/eclipse/elk/graph/elk_edge_section.rs	74
vendor/elk-swift/Sources/ElkSwift/ELK/org/eclipse/elk/graph/org_eclipse_elk_graph_ElkGraphElement.swift	src/org/eclipse/elk/graph/elk_graph_element.rs	30
vendor/elk-swift/Sources/ElkSwift/ELK/org/eclipse/elk/graph/org_eclipse_elk_graph_ElkGraphFactory.swift	src/org/eclipse/elk/graph/elk_graph_factory.rs	91
vendor/elk-swift/Sources/ElkSwift/ELK/org/eclipse/elk/graph/org_eclipse_elk_graph_ElkGraphPackage.swift	src/org/eclipse/elk/graph/elk_graph_package.rs	131
vendor/elk-swift/Sources/ElkSwift/ELK/org/eclipse/elk/graph/org_eclipse_elk_graph_ElkLabel.swift	src/org/eclipse/elk/graph/elk_label.rs	31
vendor/elk-swift/Sources/ElkSwift/ELK/org/eclipse/elk/graph/org_eclipse_elk_graph_ElkNode.swift	src/org/eclipse/elk/graph/elk_node.rs	51
vendor/elk-swift/Sources/ElkSwift/ELK/org/eclipse/elk/graph/org_eclipse_elk_graph_ElkPersistentEntry.swift	src/org/eclipse/elk/graph/elk_persistent_entry.rs	30
vendor/elk-swift/Sources/ElkSwift/ELK/org/eclipse/elk/graph/org_eclipse_elk_graph_ElkPort.swift	src/org/eclipse/elk/graph/elk_port.rs	25
vendor/elk-swift/Sources/ElkSwift/ELK/org/eclipse/elk/graph/org_eclipse_elk_graph_ElkShape.swift	src/org/eclipse/elk/graph/elk_shape.rs	35
vendor/elk-swift/Sources/ElkSwift/ELK/org/eclipse/elk/graph/properties/org_eclipse_elk_graph_properties_AdvancedPropertyValue.swift	src/org/eclipse/elk/graph/properties/advanced_property_value.rs	7
vendor/elk-swift/Sources/ElkSwift/ELK/org/eclipse/elk/graph/properties/org_eclipse_elk_graph_properties_ExperimentalPropertyValue.swift	src/org/eclipse/elk/graph/properties/experimental_property_value.rs	14
vendor/elk-swift/Sources/ElkSwift/ELK/org/eclipse/elk/graph/properties/org_eclipse_elk_graph_properties_GraphFeature.swift	src/org/eclipse/elk/graph/properties/graph_feature.rs	119
vendor/elk-swift/Sources/ElkSwift/ELK/org/eclipse/elk/graph/properties/org_eclipse_elk_graph_properties_IProperty.swift	src/org/eclipse/elk/graph/properties/i_property.rs	25
vendor/elk-swift/Sources/ElkSwift/ELK/org/eclipse/elk/graph/properties/org_eclipse_elk_graph_properties_IPropertyHolder.swift	src/org/eclipse/elk/graph/properties/i_property_holder.rs	85
vendor/elk-swift/Sources/ElkSwift/ELK/org/eclipse/elk/graph/properties/org_eclipse_elk_graph_properties_IPropertyValueProxy.swift	src/org/eclipse/elk/graph/properties/i_property_value_proxy.rs	22
vendor/elk-swift/Sources/ElkSwift/ELK/org/eclipse/elk/graph/properties/org_eclipse_elk_graph_properties_MapPropertyHolder.swift	src/org/eclipse/elk/graph/properties/map_property_holder.rs	75
vendor/elk-swift/Sources/ElkSwift/ELK/org/eclipse/elk/graph/properties/org_eclipse_elk_graph_properties_Property.swift	src/org/eclipse/elk/graph/properties/property.rs	52
vendor/elk-swift/Sources/ElkSwift/ELK/org/eclipse/elk/graph/properties/org_eclipse_elk_graph_properties_PropertyHolderComparator.swift	src/org/eclipse/elk/graph/properties/property_holder_comparator.rs	26
vendor/elk-swift/Sources/ElkSwift/ElkSwift.swift	src/elk_swift.rs	3
